questionId,content
1,<text>一集合的概念通过伴你入门中的叙述你对集合的概念已有了一定的认识我们常把一些对象放在一起作为一个整体来研究某班级的全体学生世纪公园里的桂花树所有的直角三只要你留心一下集合就在你身边在生活中常常会出现其表达的词汇是相当丰富的如组班群类族等角形正整数等等这些都是一个个集合把能够确切指定的一些对象组成的整体叫做集合简称集集合中的各个对象叫做这个集合的元素对于集合有以下两个性质集合元素的确定性对于一个给定的集合哪些对象是这个集合的元素哪些对象不是这个集合的元素应该是明确而可以鉴别的例如自行车不是汽车集合中的元素正方形是矩形集合中的元素等等集合元素的互异性对于一个给定的集合其中的元素是各不相同的这就是说集合中的元素不重复出现例如前面提到的小明和小红两人所用文具品种的集合奇数的集合等每一个集合中的元素都各不相同集合一般用大写字母表示集合的元素用小写字母表示例如以内的正奇数组成的集合可记为集合中的元素为英语中元音字母组成的集合可记为集合中的元素为在这两个例子中是集合的元素记作人读作属于不是集合的元素记作读作不属于以数为元素的集合简称数集常用的数集用特定的字母表示例如自然数集用表示不包括零的自然数组成的集合用表示整数集用表示不是的元素记作读作是的元素记作读作全体有理数组成的集合即有理数集用表示全体实数组成的集合即实数集用表示考察上述集合你可以发现涉及集合中元素的个数问题集合中各有个元素我们把含有有限个元素的集合叫做有限集而像自然数集整数集等含有无限多个元素的集合叫做无限集规定空集为不含有元素的集合空集记作例如使的的集合是空集你还能举出几个空集例体育老师调查同学们各自喜爱哪些球类活动同的例子吗学们作了回答他们的回答如图所示我喜爱篮球足球和羽毛球工喜爱乒乓蒙和排球我喜爱篮球声我喜爱足球乒乓球和羽毛球足球王瑛陈峰周军李芳图试写出喜爱足球的同学姓名组成的集合想一想你还可以写出哪些不同的集合数学模型就是利用数学知识来模拟现实事物的模型广义而言一切数学知识都是数学模型判断一组对象能否构成集合的关键是所有对象的共同特性是否明确喜爱乒乓球的同学姓名组成的集合喜爱羽毛球的同学姓名组成的集合解根据图中同学们的回答可以得到陈峰王瑛周军组成集合王瑛李芳组成集合陈峰王瑛组成集合你在做这道题的时候是不是想过写出的集合实际上是按照球的品种作为标准进行分类将喜爱足球的同学分为一类喜爱乒乓球的同学分为另一类喜爱羽毛球的同学分为又一类等等可见集合就是事物分类的一种数学模型例下列对象的全体是否能表示一个集合试说明理由截至年月底上海高度超过米的建筑某班比较活泼的女学生的正因数数轴上非常靠近原点的点解第题与第题的对象都可以组成集合因为这些对象都是明确而可以鉴别的截至年月底上海高度超过米的建筑是确定的符合条件的建筑组成的集合的元素是上海中心大厦上海环球金融中心东方明珠金茂大厦的正因数组成的集合的元素是第题与第题的对象都不能构成集合因为比较活泼是个模糊的概念要逐一鉴别全班每个女生是否比较活泼那是困难的从数学观点看非常靠近这个概念也是不明确的如与原点距离是厘米是否算非常靠近厘米呢显然难以鉴别因此第题和第题都不能构成集合例用符号或填空春解根据符号及所给集合意义易得出如下结论乙下列对象的全体能否表示一个集合试说明理由中国古代四大发明比较难学的课程以内的正偶数平方后得负数的实数近似于的数不等式的解用符号或任填空万分别举出能构成集合的一组对象和不能构成集合的一组对象</text>
2,<text>二集合的表示法某学校为了丰富学生的课余生活开设了个兴趣小组足球摄影围棋民乐书法图如果用来表示这五个兴趣小组的集合并将兴趣小组一一列出来写在大括号内如足球摄影围棋民乐书法于是可记作足球摄影围棋民乐书法像这样将集合中的元素一一列出来并且写在大括号内这种表示集合的方法叫做列举法例如方程的解集可表示为以内能被整除的正整数的集合可表示为等在大括号内先写出这个集合的元素的一般形式再划一条竖线在竖线后面写出集合中元素所共同具有的特性即加满足的性质这种表示集合的方法叫做描述法例如偶数集后加工又如不等式才一的解集可表示为列举法表示的集合元素是无序的如足球摄影围棋民乐书法与围棋书法民乐摄影足球都表示同一个集合由方程或不等式的解组成的集合叫做方程或不等式的解集例用适当的方法表示下列集合一年中有天的月份构成的集合方程的解集使分式有意义的的集合二十表示某个集合的方法不是唯一的本例第题也可以用描述法为一年中有天的月份第题也可以用描述法第题也可以用列举法而第题就无法用列举法表示在实际问题中究竟选用哪一种方法应根据实用方便的原则而定这里要理解不大于不小于大于小于非负数非正数等概念的含义被除余的自然数组成的集合解一年中有天的月份是一月三月五月七月八月十月十二月满足条件的集合用列举法表示为一月三月五月七月八月十月十二月方程一的解是忆或满足条件的集合用列举法表示为要使分式工不有意义即彳力一不满足十条件的集合用描述法表示为被除余的自然数可表示为弘满足条件的集合用描述法表示为上图一例用列举法或描述法表示下列集合与之间奇数的集合非负数的集合不大于且大于一的实数集在平面直角坐标系内坐标轴上到原点距离等于的点的坐标组成的集合解与之间奇数的集合用列举法表示是非负数的集合用描述法表示是将不大于且大于一的实数集用描述法可以表示乙是一在平面直角坐标系内坐标轴上到原点距离等于的点的坐标组成的集合用列举法表示为如图所示课堂练习判断题正确的在括号内填错误的在括号内填义的正因数集合是方程工的解集是大于的负数可以构成集合矩形可以构成一个集合用适当的方法表示下列集合你这学期所学课程构成的集合和的公因数的集合使分式一没有意义的实数的集合使石二有意义的实数的集合用列举法或描述法表示下列集合小于能被整除的正整数的集合方程的解构成的集合不大于的非负实数集在平面直角坐标系内轴上到原点距离为的点的坐标组成的集合</text>
3,<text>三区间数集可以揭示数的某种特性或阐明某个范围当表示某个实数范围时用区间来表示往往比较简洁例如集合可表示为集合可表示为匚集合工可表示为等这里称为正无穷大一称为负无穷大这就是说当数集对应数轴上的某一部分或全部时就可用区间来简明地表示它一般地设且有如下规定数集记作称为开区间在数轴上表示如图区间符号中中括号表示端点的数值属于这个数集数轴上用实心点表示小括号表示端点的数值不属于这个数集数轴上用空心点表示数集记作切称为闭区间在数轴上表示如图数集或工京炙分别记作或都称为半开半闭区间在数轴上表示如图上述区间中的分别称为区间的左端点和右端点此外数集用区间表示为在数轴上表示如图厂一图数集用区间表示为在数轴上表示如图数集用区间表示为一工在数轴上表示如图一图把这些区间在数轴上表示出来数集在用区间表示时左端点的数总比右端点的数小与数轴上数的大小方向一致数集日用区间表示为一打在数轴上表示如图实数集用区间表示为一十例把下列数集用区间表示数集和数集反反和正实数集和非负实数集解数集卫用区间表示为入用区间表示是数集卫一用区间表示为一十用区间表示为一正实数集用区间表示为非负实数集用区间表示为课堂练习把下列数集用区间表示并在数轴上表示出来数集数集把下列在数轴上所表示的数的范围用区间表示一第题把下列不等式的解集用区间表示</text>
4,<text>一集合的相等考察下列两组集合观察它们的元素有何关系集合与集合集合为非负整数与自然数集在中因为它与集合中的元素完全相同在中因为集合为非里住负整数它与自然数集中的元素也完全集合相同那么与相等吗一般地如果集合和集合所含的元素完全相同那么叫做集合与集合相等记作读作集合等于集合例已知集合是正偶数集合且口求的值解集合才是正偶数由得因为集合中的元素前后顺序交换仍是这个集合所以这里必须列出两个二元一次方程组求的值解由可知解方程组得课堂练习判断下列两个集合是否相等并说明理由集合八如和集合口反集合和集合为的正因数已知集合集合工且人口求工的值已知集合一与集合相等求的值</text>
5,<text>二集合的包含子集我们从小亮的家庭说起他家的成员有爷爷奶奶爸爸妈妈姐姐和小亮如图所示图若姐姐和小亮构成一个集合全家成员构成一个集合显然集合中的元素都属于集合又如正偶数组成的集合中的任一元素都属于集合间的这种关系称为包含关系一般地对于两个集合和如果集合中的任何一个元素都属于集合那么集合叫做集合的子集记作或读作包含于或包含从上面的例子可以看出三为方便起见规定空集是任一集合的子集即对于任一集合都有例试判断下列各组的两个集合是否具有包含关系并用符号表示集合集合与集合集合一与集合解显然集合是正偶数集而集合收是非负偶数集但所以三集合是偶数集对于中的任一偶数都可以表示成覆可见必有所以对于集合中的元素因为左所以必为偶数于是一般地对于集合和如果同时那么集合和是相等的即一要判断只要判断中的任一元素都是中的元素即若贝要判断既需判断的元素都在中又需判断的元素都在中即与的元素相同课堂练习判断下列结论是否正确并说明理由对任何集合必有若三则必有若则用符号口或卫把下列每两个集合连接起来力及与卜一门冲与口是所有水果组成的集合是油桃黄桃蟠桃组成的集合是所有桃子组成的集合真子集通过例我们发现了集合之间包含关系有两种情况一种是相互包含即两个集合相等另一种是两个集合虽有包含关系但其中一个集合中至少有一个元素不属于另一个集合如例中但一般地对于两个集合和如果并且中至少有一个元素不属于那么集合叫做集合的真子集记作或读作真包含于或真包含都是两个集合之间具有真包含的例子一个集合与它的真子集之间的关系可用如图来表示大圆小圆小圆画在大圆里表示基这种用平面区域来表示集合之间关系的方法叫做集合的图示法所用图叫做文氏图例试写出的正因数的集合的所有子集和真子集解因为的正因数是所以于是的子集有除集合本身外其他都是的真子集例已知集合集合试用文氏图表示集合与的关系解由得工或一所以集合而因此袅集合的关系用文氏图表示如图所示课堂练习用真包含符号叵或与把数集连接起来已知区间试用符号表示它们之间的包含关系已知集合集合试用文氏图表示集合与的关系</text>
6,<text>一集合的交集在本章伴你入门中小明和小红常用的文具的集合分别是和从他们两人共同的文具的集合是水笔圆规美工刀其实水笔圆规和美工刀是和的所有公共元素一般地由集合和集合的所有公共元素组成的集合叫做集合与集合的交集记作读作交即且我们可以用文氏图中阴影部分来表示的三种情况若和有公共元素也有不同元素则如图所示若是的子集即三则如图所示若和没有公共元素则如图所示图图图例已知集合集合求并在数轴上表示出来解在数轴上表示如图所示例已知集合旧集合求说明它的几何意义并在直角坐标系中表示出来解卜制群口忆如图所示集合表示一次函数忆的图像即直线上的点的集合集合表示一次函数十的图像即直线上上的点的集合表示直线八和直线的交点其坐标为二元一次方程组的解集合的交满足图如何用区间表示图集合前者元素表示一个点的坐标即一个有序数对后者元素是两个数若集合集合川则若集合集合川贝并在数轴上表示出来若集合直角三角形集合等腰三角形则某职业学校数控班有位走读的学生分别用字母来表示其中每天乘公交车上学先乘公交车再换乘地铁上学先骑自行车到地铁站再换乘地铁上学现用集合表示上学途中乘过地铁的学生用集合表示上学途中乘过公交车的学生用列举法表示集合求</text>
7,<text>二集合的并集集合的并满足我们再回到小明小红的办公文具的情境中若用表示小明常用的文具表示小红常用的文具那么他们两人的文具种类圆规三角尺剪刀美工刀水笔订书机长尾夹就是将和合并起来即内既包含有小明的办公文具又包含了小红的办公文具一般地由所有属于集合或者属于集合的元素组成的集合叫做集合与集合的并集记作读作并即或我们也可以用文氏图中阴影部分来表示的三种情况若和有公共元素也有不同元素则如图所示若是的子集即则如图所示若和没有公共元素则如图所示图图图例已知集合为的正因数集合工为的正因数求解因为集合人同为的正因数集合旬为的正因数所以例已知自然数集整数集有理数集实数集求解例已知集合集合一并在数轴上表示出来解彳工或在数轴上表示如图所示图课堂练习已知集合人为的正因数集合攵为的正因数已知奇数集笈一偶数集左求已知集合人集合友一求口并在数轴上表示出来</text>
8,<text>三集合的补集我们在讨论集合与集合的关系时往往要在一个给定的集合中来考察这就要学习全集的相关知识例如图小亮家的全体成员构成的集合为其中女士构成的集合为男士构成的集合为与有何关系呢显然都是的子集即与的并集是即与的交集是空集即像这样研究集合和的关系时是在给定集合的前提下进行的这个给定集合叫做全集一般地设为全集是的子集则由中所有不属于的元素组成的集合叫做集合在全集中的补集记作以读作人补即且心图闺集合的补集还满足在大于的自然数中只能被和它本身整除的数叫做素数或称质数图图我们也可以用文氏图来表示补集的概念若长方形表示全集是的子集即则的补集可以表示成图的阴影部分若将小亮家的成员构成的集合看作全集则女士集合是男土集合的补集反之也是的补集即例已知全集且集合心骨是以内的素数求解因为全集是由以内的正整数组成的集合所以因为所以例设全集为实数集集合集合求并在数轴上表示出来解因为所以在数轴上表示如图所示因为所以或在数轴上表示如图所示课堂练习下列运算中正确的是无理数负整数负有理数零和无理数设全集集合集合求已知全集为实数集集合集合口一门求</text>
9,<text>不等式的基本性质小陈从职业学校毕业后在家电商场的电视机专柜做营销图在他负责的专柜中有三款电视机图若款价格大于款价格款价格大于款价格则款价格大于款价格在数学中这就是不等式的传递性即不等式性质性质若则款价格大于款价格若在促销活动中两款电视机同时降价元则降价后的款价格大于降价后的款价格在数学中不等式的两边同时加上或减去同一个实数不等号的方向不变即不等式性质性质若则款价格大于款价格若在促销活动中两款电视机同时打八折则打折后的款价格大于打折后的款价格在数学中不等式的两边同时乘以或除以同一个正数不等号的方向不变不等式的两边同时乘以或除以同一个负数不等号的方向要改变即不等式性质性质若则加少若则只含有一个未知数且未知数的次数是一次的不等式叫做一元一次不等式其解法的一般步骤是去分母去括号移项化成或的形式其中再根据性质得到不等式的解由几个含有同一个未知数的一元一次不等式组成的不等式组叫做一元一次不等式组不等式组中所有不等式的解集的交集叫做这个不等式组的解集其解法步骤是先求出不等式组中每个不等式的解集然后求出所有不等式解集的交集就得到这个不等式组的解集丁例解不等式父十方并将解集在数轴上表示出来解去分母得了性质去括号得移项得一工性质两边同时除以一得性质所以不等式的解集是一将这个解集在数轴上表示如图所示例解不等式组并将解集在数轴上表示出来解由原不等式组得即所以因此所求不等式组的解集是图将这个解集在数轴上表示如图所示课堂练习簟腿爨够数獭第解下列不等式并将解集在数轴上表示出来一解下列不等式组并将解集在数轴上表示出来彳探究与实践京饪中的数学模型某职业学校烹饪班同学们学习煮排骨汤图同学们将汤煮得太淡了教师指点加点盐汤就变咸了这一情境蕴含了一个怎样的数学模型在上文所述的情境中若烧煮的排骨汤的总质量为克其中含盐的质量为克则排骨汤含盐的浓度为因为排骨汤太淡了所以要加点盐设加入盐加克加加入后排骨汤含盐的浓度变为下一由本情境可知加入加克盐后排骨汤含盐的浓度增加汤变咸了由此可得一个不等式数学模型其中对于这个数学模型你可进行如下释模从数学角度而言你怎样解释数学模型通过具体情境如排骨汤由淡变咸筛选有效信息运用数学语言建立相应模型这一过程叫做数学建模对数学模型选择解题策略求出问题结果或对数学模型赋予具体数据如给出排骨汤加盐前后的具体数据计算出排骨汤含盐的实际浓度这一过程叫做数学解模若将对数学模型进行合理性反思或对实际情境作出新的假设如排骨汤由咸变淡模型将随之发生变化这一过程叫做数学释模呢你可以这样想因为所以由此得性质即两边乘以高即十九化简得上面的情境如果反过来即同学们将汤煮得太咸了教师指点加点水汤就变淡了这时的数学模型又是什么这时的数学模型应是其中</text>
10,<text>一一元二次不等式先看一个实例世界顶级低空跳伞运动员在上海金茂大厦层平台上进行跳伞表演图运动员们如雄鹰展翅跃向蓝天掠过大厦的玻璃幕墙直到最后的保险高度才打开背后的伞包飘然而至令人叹为观止在跳伞表演中某运动员以米秒的初速度从米的空中垂直跳下打开伞包的保险高度为米若运动员在空中的下降高度点米与时间秒满足关系式九八则该运动员在什么时间范围内打开伞包才安全呢不妨设该运动员在秒时打开伞包则打开伞包时他已跳下了尸米由题意可得即再看一实例某商店计划三年内总营业额为万元如果第一年的营业额为万元那么在后两年内营业额的年平均增长率是多少时才能超额完成计划设后两年营业额的平均增长率为了由实际意义知由题意得化简得一笔只含有一个未知数且未知数的最高次数为二次的整式不等式叫做一元二次不等式它的一般形式是或或或其中不等式都是一元二次不等式例试判断下列不等式中哪些是一元二次不等式哪些不是一元二次不等式一一解因为未知数的最高次数是一次所以此不等式不是一元二次不等式因为未知数的最高次数是二次所以此不等式是一元二次不等式因为未知数的最高次数是二次所以此不等式是一元二次不等式因为此不等式含有工两个未知数所以它不是一元二次不等式因为此不等式不是整式不等式所以它不是一元二次不等式保险高度是指运动员至少在此高度或以上开伞才不会有危险由实际意义知时间为解题方便当二次项系数为负数时只需在不等式的两边同乘以一并改变不等号的方向因此总可以将二次项系数化为正数判断一个不等式是一元二次不等式有三要点只含有一个未知数未知数的最高次数是二次不等式是整式不等式课堂练习判断下列不等式中哪些是一元二次不等式哪些不是一元二次不等式是的在括号内打不是的打</text>
11,<text>二用因式分解法解一元二次不等式怎样解一元二次不等式呢不妨先看下面的一个简单例子原不等式可化为两数之积为正则两数同号两数之积为负则两数异号不等式的解集也可用区间表示根据两数之积为正数可知此两数同正或同负即得两个一元一次不等式组工或其中一元一次不等式组的解集为工一元一次不等式组的解集为反反一所以不等式合一的解口二集为不等式组与的解集的并集即了或图类似地不等式可以化为不等式组或一图其中不等式组的解集为久不等式组的解集为所以不等式的解集为不等式组与的解集的并集即一图一般地当一元二次方程根的判别式时设它的两个实数根为小巧则不等式可转化为一它等价于工尤一这种解法实质上就是如果一元二次不等式于是不等式组解集的并集即为不等式的解集例解不等式十解原不等式可化为可得不等式组所对应的二次三项式在实数范围内可分解成两个一次因式的积那么此一元二次不等式可转化为一次不等式组来解十或或由得解集为由得解集为所以原不等式的解集为力图回顾上面的跳伞问题时间应大于得的范围应是即该跳伞运动员应在秒内打开伞包才安全图例解不等式一前解原不等式可化为可得不等式组工昔一或由得由得一所以原不等式的解集为一一葭如图所示现在你也可以回答上面提出的营业额的年平均增长率的图问题了由了一票工得或一电其中本题为本节开始时的实例计算年平均增长率的一个数学模型在解模的过程中我们发现不符合实际情况应不符合题意舍去故所以营业额的年平均增长率超过才能超额完成计划舍去这实际上就是释模的过程课堂练习下列式子中一定表示一元二次不等式的是解下列不等式</text>
12,<text>三一元二次不等式与二次函数一元二次方程的关系任意一个一元二次不等式都可以找到与它对应的二次函数和一元二次方程一般地一元二次不等式工或对应的二次函数为对应的一元二次方程是解一元二次不等式是否一定要转化为一元一次不等式组来解呢其实不然因为一元二次不等式与二次函数一元二次方程三者之间存在着密不可分的亲缘关系你可以借助二次函数的图像及相应一元二次方程的根很方便地求出一元二次不等式的解例已知二次函数画出函数的图像求当取何值时求当工在何范围内取值时求当在何范围内取值时解二次函数夕一的图像如图所示由得一一解此一元二次方程得小所以当彳或时由得需由图可知当一之时二次函数图像在轴的下方所以当一时由得人其一由图可知当了或时二次函数图像在轴的上方所以当或时例解不等式工一解二次函数对应的方程的根为彳当歹或乙乙时函数值因此不等式的解集为一一巳例解不等式一丁解原不等式两边同乘以一得一一元二次方程一的判别式函数的二次项系数大于抛物线开口向上函数图像位于轴的上方图因此不等式一十的解集为即原不等式一的解集为图不等式对应的二次函数是对应的一元二次方程是不等式两边同时乘以一个负数不等号的方向要改变解方程一心的判别式函数的图像与轴只有一个交点且抛物线开口向上图因此不等式的解集为之反或写成一通过例至例三个例子可知解一元二次不等式关键是看对应的二次函数的图像抛物线与轴的关系这种事实上即当时在图上除这个点以外图像上的其他各点均在轴的上方一当计算出判别式的值后解一元二次不等式的步骤是求根画图写解集方法解一兀二次不等式或的步骤是首先计算判别式第然后根据判别式的值的情况分别求解列表如下表表判别式的根的图像的解集的解集当时卷设两根为设一望单集卜当时理根画落当时理没有实数根皂译集即当解题熟练之后二次函数的图像只要想象一下而不必画出来例解下列不等式工卫一解方程的两根为所以不等式的解集是原不等式化简得工一方程有两个相等的根币所以原不等式的解集是原不等式化简得产一方程没有实数根所以原不等式的解集为课堂练习二二一写出下列一元二次不等式对应的二次函数和一元二次方程已知二次函数画出函数的图像求当取何值时求当在何范围内取值时求当在何范围内取值时解下列不等式震探究与实践用标根法解一元二次不等式有一种一元二次不等式的解法叫标根法简单实用不易出错还可以推广到一元三四次不等式的解法标根法的步骤如下第一步先把一元二次不等式化成久一不乂了一支或工一小一丁的形式第二步在数轴上标出和工不妨设上图第三步从最右边的点的上方开始往左按轴上方轴下方轴上方画出一条曲线图第四步不等式的解集是工不等式一工的解集是工图图对于二次项系数为负数的一元二次不等式不等式两边同乘以一将二次项系数转化为正数即可按标根法解题说明如原不等式是二或只需把数轴上的空心圈改成实心点即可若出现重根的情况如一不只需将此点看成是两点重合在一起图这个方法可推广到轴上有多个点的情况例如解不等式工一只要画出草图图立即就得到这个不等式的解集是学习了标根法我们还可以思考下面的问题用标根法解学过的例题看答案是否一致对一元二次不等式而言它相应的二次函数是抛物线而抛物线与轴的两个交点正是相应的一元二次方程的根标根法的做法和这些关系有没有矛盾是否解释得通用技术手段解一元二次不等式对于系数比较复杂的一元二次不等式我们可以借助技术手段来求解有许多计算机软件可以用来解一元二次不等式以下我们借助其中的一种免费数学学习软件来求解例如求一元二次不等式的解如图选择左侧工作表选项卡在下方输入根金图栏中输入该一元二次不等式及求解命令并点击输入钮上方工作表区域就会出现此不等式的解或如图绘朋凰图如果想了解更多的信息可扫描下面的二维码类似地对于一元二次不等式可由此软件得到且工即如图工作来切维出图对于一元二次不等式可由此软件得到当前不等式无解如图购入造谀当前不等式无解图对于一元二次不等式可由此软件得到如图工作委也一缕的</text>
13,<text>绝对值不等式温故知新图净含量克图一超市离家米左右我们上午左右在地铁口等候等话语都蕴含着绝对值的思想绝对值的意义这就是说正数的绝对值是它本身零的绝对值是零负数的绝对值是它的相反数绝对值的几何意义表示实数在数轴上所对应的点到原点的距离如图所示表示实数在数轴上所对应的点到原点的距离为表示实数一在数轴上所对应的点到原点的距离为表示实数在数轴上所对应的点到原点的距离为某大型超市出售标明净含量为克的袋装茶叶图按定量包装商品的有关规定实际含量与标识含量的差不能超过克问每袋茶叶的实际含量为多少克才是合格的呢这个问题的本质是寻求茶叶的实际含量克与标识含量克之间所满足的数学模型绝对值不等式即下面你不妨先来学习形如或的绝对值不等式的解法我们知道表示的是实数工在数轴上所对应的点到原点的距离等于不等式表示的是实数了在数轴上所对应的点到原点的距离小于图这时因此求不等式的解集就是求在数轴上到原点的距离小于的点所对应的实数的集合即或表示成区间形式一类似地求不等式打的解集就是求在数轴上到原点的距离大于的点所对应的实数的集合即一或或表示成一图一般地如果那么一即的解集为图图匚图图或即工的解集为图例解不等式旨一解由同一得一在不等式的两边都加上得一所以原不等式的解集是一例解不等式解由得或解得或一百所以原不等式的解集是一一你能写出辽或的解集并在数轴上表示出来吗在例例的解题中我们把都看作一个整体使之转化为或的形式这种转化思想在数学解题中具有普遍意义对于前面的袋装茶叶问题你可以利用含绝对值不等式的解法得到不等式同一这个不等式的解是根据题意可知道每袋茶叶的实际含量在克至克之间是合格的例小赵从职业学校毕业后在一家超市里做营销工作图值是化学上用以衡量液体酸碱性比值的符号健康人体内环境的值在到之间即我们的体液应该呈弱碱性才能保持正常的生理功能和物质代谢数学建模解模与释模是用数学知识解决实际问题的三个环节其能力也是数学能力水平的具体体现小赵对一批饮用水包装上面所标识的值存有疑问图于是进行了检测结果值为这个结果是否在标识所示的范围之内试根据值的标识数据小赵所检测的这批饮用水值的实际值所满足的一个绝对值不等式是解根据标识数据容易算出值的下限为上限为所以这个结果在所标识的范围之内即根据标识容易算出值的实际值所满足的一个不等式是即得这就是绝对值不等式的解集故选本例的这一实际情境表明饮用水包装标识上注明的值蕴含着一个数学模型绝对值不等式而从标识数据土到建立绝对值不等式这就是数学建模解绝对值不等式的过程并求出解集这就是数学解模假如你能思考这个解集并解释在现实生活中的合理性这就是数学释模了课堂练习直接写出下列不等式的解集工川目解下列不等式乙小周从职业学校毕业后在红星机械厂工作他加工一批轴承轴承的图纸如图所示单位如果他加工的一个轴承测得的实际长度为那么这个轴承是否合格根据图纸试写出符合加工标准的轴承长度尺寸所满足的绝对值不等式</text>
14,<text>不等式的应用在初中你已经学习过列方程解应用题但是还有大量的实际问题不能用相等关系来解决而需要用不等关系来解决下面我们一起学习不等式的应用例学校团委举行演讲比赛要发纪念品派一名学生带元钱去商店购买盒水笔每盒水笔预算为元但商店里没有每盒元的水笔只有每盒元和每盒元的两种水笔这两种水笔一共买了盒如果要使每盒元的水笔尽可能多买些那么这两种水笔各应买多少盒呢解设每盒元的水笔买了盒那么每盒元的买了工盒根据题意得解得由于水笔的盒数必须是正整数因此每盒元的水笔买了盒每盒元的水笔买了盒例某房产公司计划全年开发建设住宅面积万平方米前三个季度已完成万平方米如果月份开发建本题视为一个数学模型解模结果应联系实际情境作出适应性判断在本例中水笔的盒数必须是正整数设住宅是万平方米那么最后两个月中月平均增长率是多少时才能超额完成年计划解设最后两个月的月平均增长率为工则月份的开由本题的建模解模过程我们可以推算出该公司月份月份至少开发建设万万平方米的住宅面积才能超额完成年计划这些数据可以帮助我们更好地做好工作计划所以释模既是解题的重要环节又具有重要的现实意义本题应搞清下列数量关系每天的利润每天的销售收入一每天的销售成本或每天的利润单件利润每天的销量每天利润不少于元即每天利润大于等于元发建设面积是工万平方米月份的开发建设面积是尸万平方米根据题意得即解不等式得或根据题意月平均增长率才应为正数舍去所以最后两个月的月平均增长率大于时才能超额完成年计划例某商人如果将进货单价为元的商品按每件元出售则每天可销售件现在他采用提高售价减少销量的办法增加利润如果这种商品每件提高元其销量就要减少件该商品单件售价在什么范围内才能使每天的利润不少于元解设该商品单件售价为元则每天的销量是件根据题意得工一即解不等式得所以该商品单件售价在元与元之间时才能使每天的利润不少于元例学校要组建一支女生礼仪服务队要求身高为左右误差不超过问女生的身高应在什么范围方能达到礼仪服务队的身高要求解设女生的身高为根据题意可得同一解得所以女生的身高应在至的范围方能达到礼仪服务队的身高要求课堂练习小李从职业学校毕业后在工厂实习学会了生产一种机器零件他第一天生产个第二天生产个第三天再生产多少个才能使三天平均生产的机器零件在个以上某企业计划全年完成产量万件前三季度已完成总产量的如果月份的产量为万件那么最后两个月的月平均增长率是多少时才能超额完成全年计划某期刊能以每册元的价格全年发行万册设定价每提高元发行量就减少万册该期刊应如何定价才能使全年总销售收入不低于万元销售收入销售数量售价设上海某天的气温是气温的变化满足下面不等式反一上海这天的最高气温和最低气温分别是多少摄氏度</text>
15,<text>一函数关系我们来看下面的三个例子圆的面积和它的半径厂之间的关系为对于任意确定的半径晨厂都有唯一确定的圆面积与它对应购鞋者根据自己的脚长测量方法如图所示选择对应的鞋码表是脚长毫米与鞋码码之间的对应表在初中我们已经学过常量与变量常量就是在研究问题的过程中总保持一定数值的量变量就是可以取不同数值的量而变化的图是某网站调查的年至年间我国手机网民的规模变化情况调查结果所得的数据用下图表示出来这里手机网民人数万人和时间年份都是可以变手机网应人数万人化的图形象地反映了手机网民人数万人与时间年份的对应关系以上三个例子中的变量间的关系我们列表表对比表一个变量对应关系另一个变量半径厂圆面积脚长毫米表鞋码码时间年份图手机网民人数万人这里的对应法则了是英文单词的第一个字母中文一般意思是功能或作用在数学上是函数的意思有时为了区别对应法则也可以用等来表示从数学角度看虽然三个例子的表现形式不同但它们有着共同的特点当一个变量取确定值时按照确定的对应关系另一个变量就有唯一确定的值和它对应由此得出函数的概念在某个变化过程中有两个变量如果对于才在某个实数集合内的每一个确定的值按照某个对应法则都有唯一确定的实数值与它对应那么就叫做的函数记作叫做自变量的取值范围叫做函数的定义域与的值相对应的的值叫做函数值函数值的集合叫做函数的值域上述三个例子的函数关系可分别表示为圆面积是半径厂的函数可表示为鞋码是脚长的函数可表示为中国手机网民人数是时间的函数可表示为从函数的概念中可以知道函数的定义域和对应法则是构成函数的两大要素当函数的定义域和对应法则确定之后函数的值域也就随之确定了例写出下列各题的函数关系式指出它的对应法则并求出它的定义域圆的周长是半径厂的函数正三角形的面积是边长的函数某轿车厂第一个月生产轿车万辆若每月都增产且月平均增长率为则第三个月的产量是月平均增长率的函数解函数关系式为对应法则为半径广乘以圆周率的倍定义域为函数关系式为亍对应法则为边长自乘再乘以号定义域为函数关系式为对应法则为与月平均增长率的和的平方再乘以定义域为例求下列函数的定义域储一解工为任何实数时整式才都有意义所以这个函数的定义域为实数集当时分式没有意义所以这个函数的定义域为的一切实数用集合表示为才会当上一二即时偶次根式二才有意义所以这个函数的定义域为工的一切实数用集合表示由上可得求函数的定义域的基本思路是在考虑实际情境中的函数关系时要根据实际情境中的意义来确定函数的定义域如例中圆的半径广正三角形边长都应是正数而例中因为题中明确每月都增产所以月平均增长率为正数一般地自变量取值一定要使关系式有意义如当关系式是整式时函数的定义域是实数集如例当关系式是分式时函数的定义域是使所有分母不等于零的实数的集函数的定义域是一个数集试一试将本题各小题的定义域用区间表示必须注意针对某个实际情境所建立的函数模型这个模型中的自变量必须符合实际情境的要求合如例当关系式出现开偶次方根时函数的定义域是使被开方式大于或等于零的实数的集合如例课堂练习写出下列函数的关系式并求它的定义域讨论交流指出它的对应法则函数值与自变量相等的函数正方形的面积是边长的函数如果汽车的平均速度是千米时那么行驶距离千米是行驶时间时的函数求下列函数的定义域工工</text>
16,<text>函数的表示法函数的解析法表示又叫做公式法表示本书所有计算如无特别说明需要时都可以用计算器计算在实际问题中两个变量之间的函数关系有不同的表现形式本节前面的三个例子圆面积与半径广的对应关系用公式表示鞋码与脚长的对应关系用表格表示我国手机网民人数与时间的对应关系用图像表示这就是函数通常的三种表示法解析法用含有两个变量和各种数学运算符号的等式来表示函数关系的方法叫做解析法在初中学过的正比例函数心反比例函数一次函数族十二次函数晒等都是用解析法表示这种表示法简单明了便于用数学方法研究它在实际问题中两个变量间的函数关系并非都能用解析法表示我国手机网民人数与时间的函数关系就是一个例子例已知函数危求卜当为具体数字时结果精确到解用计算器计算得勺当一时列表法将自变量的一系列值和对应的函数值列成一个表来表示函数关系叫做列表法例如某汽车的仪表盘上表示油量的是一个的刻度表油箱的容积是升刻度值与实际油量的关系如表所示表刻度表油量升列表法对于表中自变量的值与对应的函数值一目了然可是它列出的自变量与对应的函数值很有限可见它也有局限性图像法前面提到的我国手机网民人数与时间的函数关系是用图像表示的图中用自动测温仪测定的一天内的气温丁与时间的函数关系也是用图像表示的像这样用图像来表示函数关系的方法叫做图像法此外在初中学过的正反图比例函数图像一次二次函数图像它们都直观形象能清晰地反映出函数的某些性质但是在找函数值时这种方法就显得不够精确鉴于这三种方法各有利弊在具体表示两个变量的函数关系时应根据实际情况使用例画出函数胶的图像解第一步求函数的定义域由于被开方数开奇数次方因此定义域为第二步列表表表就是工土在定义域内取自变量的值要适当均匀两数之间的距离不要太近或太远以方便下一步作图同时要注意一些特殊的整数点如表内的一等等这些点在直角坐标系里容易找到它们的位置计算函数值然请用计算器第三步在直角坐标系中描点并用光滑曲线从左向右依输入在画函数图像时根据需要精确到可取海一章课堂练习某家电企业已经生产了电视机台现决定每天生产台试用解析式表示该企业生产电视机的总台数与生产天数的函数关系并分别计算天天天后该企业生产电视机的总台数如图所示为某水库水深米和库容量万立方米的函数关系的图像根据图像填写下表水深米库容量万立方米已知函数求龟兔赛跑讲述了这样的故事龟兔同时起跑后领先的兔子看着慢慢爬行的乌龟骄傲起来途中睡了一觉当它醒来时发现乌龟快到终点了于是急忙追赶但为时已晚乌龟还是先到达了终点若用图像法来表示乌龟和兔子所行的路程与时间的函数关系则下列图形中与故事情境相吻合的是库容万</text>
17,<text>三函数关系的建立在现实生活中许多实际问题需要转化为数学问题而转化为数学中函数模型的例子是屡见不鲜的例如图所示为使长宽的长方形绿地的造型更加美观计划在它的四个角建造四个相同的边长为工的小正方形艺术花坛将剩下的绿地面积表示成的函数解因为长方形绿地的面积应为四个角建造四个边长为的小正方形的艺术花坛所占面积为所以例上海长江大桥跨江段全长米图老王的轿车以千米时的速度驶入跨江段行驶米后轿车遇故障停车老王立刻检修排除故障耗时分钟然后以同样的时速驶离跨江段根据这一情境将老王行驶距离米表示成时间分的函数并画出这个函数的图像解老王的车速为千米时即米分轿车在跨江段上遭遇故障前行驶了米恰好耗时分钟这时行驶距离米与时间分的函数关系式为当时行驶分钟后遇车故障停车检修耗时分钟这说明到轿车检修完毕耗时共分钟由题意知行车分钟开始至分钟行车距离没有变化这时行驶距离米与时间分的函数关系式为当时检修完毕继续行驶车速未变还需时间为即分钟就驶出大桥跨江段了易知时时当时设则这里且歹所以根据这一问题的情境很明显这是一个建立函数模型的问题解方程组得左这时行驶距离米与时间分的函数关系式是当时综上所述距离米表示成时间分的函数关系式是当时当时当时这个函数的图像如图所示米图无论是实际问题的需要还是数学本身的研究有时一个函数的解析式要分成几段来表示这样的函数叫做分段函数例如函数辽它可以用分段函数来表示当时当时当时课堂练习一轮船从甲地向东出发航行千米后以每小时千米的速度匀速前进又按原方向航行了耍小时船离出发点的距离为千米试写出关于丁的函数解析式体育课上老师指导小王进行中长跑训练要求前分钟平均速度为每秒米后分钟平均速度为每秒米假设小王跑的距离八米是时间秒的函数画出这个函数的图像写出这个函数关系式某集装箱码头月份装卸情况如下上旬每天完成箱中旬进行装卸机械维修下旬为把中旬因机修而耽误的生产任务抓回来每天完成箱假设这个月装卸箱数是时间天数的函数试画出这个函数的图像写出这个函数关系式</text>
18,<text>一单调性在初中学过正比例函数和一次函数工的性质当左时函数值随自变量的增加而增加当时函数值随自变量的增加而减少对于二次函数在定义域上随自变量的增加函数值有时增加也有时减少这些就是将要学习的函数的单调性我们从二次函数严一说起它的定义域为实数集图像如图所示这个图像的变化趋势是当工时随着自变量的增加函数值逐渐减小即图像沿轴的正方向下降当尤时随着自变量的增加函数值逐渐增加即图像沿轴的正方向上升函数在定义域的某个区间上随着自变量的增加函数值逐渐增加或减小的这种特性就是函数的单调性一般地对于定义域为的函数在给定区间上如果对于任意当时都有小辽那么就说函数在区间上是增函数图如果对于任意当叫时都有了那么就说函数在区间上是减函数图图函数的单调性是针对定义域的某个区间上而言的自变量逐渐增加是判定函数单调性的依据函数值递增或递减的特性统称函数的单调性函数在区间上是增函数或减函数也可说成函数在区间上单调递增或单调递减在某个区间上函数是增函数或减函数这个区间叫做函数的单调区间由上可知函数在区间上是减函数在上是增函数例函数图像含端点如图所示试分别指出这个函数的单调区间并说明在每个单调区间上是增函数还是减函数解由图可知这个函数的单调区间是一一埒组函数在区间口上是增函数在区间上是减函数例判定函数一在实数集上的单调性判定函数一在区间一的单调性解对任意的小且小一即所以函数在上是增函数在区间一上任取且工一工工一制一即得所以函数一在一上是增函数试一试请你按照上述方法判定函数一在上是减函数课堂练习函数和工的图像含端点如图所示分别指出这两个函数的单调区间并说明在每个单调区间上是增函数还是减函数判定下列函数的单调性函数一彳在上的单调性函数一彳在上的单调性</text>
19,<text>二奇偶性我们来看函数和一这是你最熟悉的正比例函数和反比例函数的图像是过原点的一条直线图一的图像是分布在第一三象限的双曲线图关于原点成中心对称是这两个函数图像的共同特性在数值上也能反映出来例如我们来计算下列四个函数值则得一这就是说一函数也有类同的特性图图从图图可以直观地看到点和和和和都关于原点对称一般地对于函数如果对定义域内的任意实数都有了一了那么函数一叫做奇函数如果一个函数的图像关于原点成中心对称图形那么这个函数一定是奇函数反过来如果函数是奇函数那么的图像关于原点成中心对称图形我们再来看以下两个函数工工和小它们的函数图像都是抛物线图图关于轴成轴对称是这两个函数图像的共同特性在数值上也能反映出来例如我们来计算下列四个函数值得乙乙函数也有类同的特性二公当危尸一磅图图如果一个函数的定义域关于原点不对称那么这个函数既不是奇函数又不是偶函数这是判断一个函数是否具有奇偶性的一个重要依据一般地如果对于函数的定义域内的任意实数都有那么函数叫做偶函数如果一个函数的图像关于轴成轴对称图形那么这个函数一定是偶函数反过来如果函数是偶函数那么包的图像关于轴成轴对称图形根据奇函数或偶函数的意义可以得出定义域关于原点对称是函数具有奇偶性所必须具备的条件如果一个函数是奇函数或偶函数那么画它的图像的方法可以是先用描点法画出轴的右边或左边的图像再根据图像的对称性画出另一半例判断下列函数的奇偶性并画出它们的图像解函数的定义域是实数集当时一因为所以函数是奇函数根据奇函数的图像关于原点成中心对称的特点先画出轴右边的图像适当取点然后用光滑的曲线连接即得大致图像再利用中心对称的性质画出轴左边的图像从而得到整个函数的图像图篇第函数的定义域是当一三艮因为所以函数殳是偶函数根据偶函数的图像关于轴成轴对称的特点先画出轴右边的图像适当取点八然后用光滑的曲线连接即得大致图像再利用轴对称的性质画出轴左边的图像从而得到整个函数的图像图函数的定义域是实数集因为所以一彳且一工一因此既不是奇函数也不是偶函数这个函数是一次函数它的图像如图所示从图像上可以看到它既不关于原点成中心对称又不关于轴成轴对称图课堂练习判断下列函数的奇偶性汴图中是奇函数在轴左边的图像图中是偶函数在轴右边的图像试把这两个函数的图像画完整第题</text>
20,<text>三最大值和最小值先看下面的问题如果用长为米的不锈钢栅栏去围一块长方形绿色草坪那么怎样才能使所围的草坪面积最大最大面积为多少这样想设所围长方形草坪图的长为了米则宽为米又设长方形草坪的面积为平方米由题意得在我们的生活中常常涉及函数的最大值和最小值问题例如材料最省造价最低成本最小利润最大买得最多费用最便宜城市规划中用最少的资源产生最大的效益等等求二次函数的最大值或最小值关键是运用配方法即将二次三项式配方十于是问题就转化为才取何值时取得最大值由配方法得因为殳一所以这说明当在内取任何实数时面积的值不大于平方米又因为当工时即长方形草坪的长取米时不锈钢栅栏所围的面积最大最大面积为平方米通过这个例子我们可以引出函数最大值或最小值的概念一般地设函数在处的函数值是工如果对于定义域内任意无不等式都成立那么了叫做函数工的最大值记作如果对于定义域内的任意不等式包都成立那么叫做函数的最小值记作例求下列二次函数的最大值或最小值一解因为一所以当时因为殳一二一所以当才时二一七因为所以当时例某小区一个喷水池的设计方案如图所示喷水池外周的四个角是相同的等腰直角三角形按设计要求在等腰直角三角形内种上一块长方形花草已知等腰直角三角形的斜边的长为米矩形的一边在上当矩形的长和宽各为多少米时矩形的面积最大其最大面积为多少平方米解如图首先建立计算矩形面积的数学模型设矩形的宽为米面积为平方米在中所以米于是一米由矩形的面积公式得辽解这个数学模型得一所以当米时有最大值平方米这时矩形的长为米答当矩形的长和宽分别为米和米时它的面积最大其最大面积为平方米解最大小值的情境问题步骤如下第一步根据情境建立最大小值的数学模型第二步解这个数学模型第三步根据实际情境问题的意义作出正确答案对这个数学模型进行解释课堂练习求下列二次函数的最大值或最小值某厂为了存放原料需要围一个周长为米的矩形场地问矩形的长和宽各取多少米才能使存放场地面积最大最大面积为多少平方米</text>
21,<text>简单幂函数前面遇到的函数中有一类看起来很简单如这些函数自变量的指数依次是等它们都是有理数这类函数可以乙用一个统一的解析式表示是常数且归一般地讨论函数的性质包括以下四个方面这样的函数叫做幂函数幂函数有一个很明显的特点即当时也就是说它的图像必定经过点下面我们结合几个特殊的幂函数通过研讨它们的定义域奇偶性单调性最大值或最小值并画出它们的图像从而体会用数形结合的思想方法研究函数的好处例画出函数的图像并讨论它的性质解函数的定义域为列出久的对应值表表定义域奇偶性单调性最大值或最小值表在平面直角坐标系中描点并用光滑的曲线连接即得函数的图像图这个图像从原点开始在第一象限向右上方无限延伸函数的性质如下奇偶性由函数的图像可知定义域关于原点不对称因此它既不是奇函数也不是偶函数单调性因为在定义域内函数的图像是逐步上升的所以函数是递增的最大值或最小值由函数的图像及解析式石可知当工时加不存在例画出函数的图像并讨论它的性质解函数的定义域为列出的对应值表表表一万在平面直角坐标系中描点并用光滑的曲线顺次连接即得函数工一的图像图函数工一的性质如下奇偶性对定义域内任意一所以这个函数是偶函数单调性由函数的图像及解析式可知函数在十上是减函数函数彳之在上是增函数最大值或最小值由函数的解析式可知当无限增大时的值无限减小但它永远也不会是零当无限减小时的值无限增大但它永远也不会取得某个确定的值所以和都不存在课堂练习画出函数彳的图像并讨论函数的性质画出函数辽的图像并讨论函数的性质探究与实践用技术手段画幂函数的图像有许多计算机软件可以用来画赛函数的图像以下我们借助其中的一种免费数学学习软件来作图如图在左侧绘图选项卡内选择方程和函数栏输入函数关系式并点击图形钮在右侧平面直角坐标系中就出现函数的图像入嚏钝彳口刈工喉帆司图用上面的方法我们可以画出函数的图像如图所示图如果想在同一平面直角坐标系内画出多个函数的图像我们可以点击添加钮在新增的空白输入栏内添加新的函数关系式并点击图形钮即可画出多个函数的图像例如我们可以用这种方法画出函数春一的图像如图所示通过拖拽选择这些赛函数在第一象限内的图像图我们会发现它们组成了一幅非常有趣充满魅力的图形三一浦人</text>
22,<text>一实数指数幂及其运算其实指数从有理数推广到实数后为无理数时也是有意义的如等等它们的精确值只能用近似值来逼近有了有理数指数赛的运算法则学习实数指数当指数为实数即附时上述塞的运算法则幂就水到渠成了仍然成立即工虽然新学的知识与旧知识只是与的差异但现在我们就会处理无理数指数幂的计算了例如</text>
23,<text>二指数函数的概念细胞的分裂是一个很有趣的现象新细胞产生的速度之快是十分惊人的例如某种细胞在分裂时个分裂成个个分裂成个第次分裂得到新细胞数与分裂次数的函数关系式这个函数是幕的形式且自变量为森指数我们下面来研究这样的函数一般地函数为常数且叫做指数函数函数的定义域是下列函数中哪些是指数函数哪些不是指数函数为什么</text>
24,<text>一指数函数的图像与性质指数函数的图像可以通过描点法画出例在同一平面直角坐标系内画出函数和的图像解列表表表用描点法画出函数了和丫的图像图例在同一平面直角坐标系内画出函数和的图像解列表表表尸打尸打用描点法画出函数和的图像图通过对以上函数图像的分析我们看到指数函数优在底数及这两种情况下的图像如图和图所示图与与的图像有什么关系图从上面两种指数函数的图像不难得出性质指数函数短的图像在轴的上方其函数值恒大于性质指数函数工的图像经过点这是因为例已知函数和当时用不等号连接下列两式函数工和的图像都经过点解因为指数函数的函数值恒大于所以因为指数函数工的图像经过点所以指数函数勿工和的图像都经过点课堂练习函数俏与的大致图像分别是下图中的第题已知函数与怖当才夜时用不等号连接下列两式山函数信与的图像都经过点本题也可以利用计算器直接计算结果进行比较指数函数还有以下两个性质性质函数当时当时函数当工时当时性质函数在上是增函数函数在一十上是减函数例比较大小与与解因为在一上是增函数所以即因为在一十上是减函数一所以即例比较大小一与与尸解因为指数函数在十上是增函数畲所以小一因为指数函数工在一十上是减函数一丁所以一丁一了例求下列函数的定义域打解因为所以即解得彳偶次根式的被开方数应不小于所以此函数定义域为一因为二即解得工所以此函数的定义域为一课堂练习比较大小与与已知比较大小丁与求下列函数的定义域工一万与与</text>
25,<text>二指数函数模型的简单应用以下通过几个实例来说明指数函数模型的简单应用例某种火箭在发射卫星时每经过次加速能量储存就剩下画出加速次数与剩余能量之间变化的函数图像并求出经过几次加速后剩余能量是原来的一半左右解设这种火箭的最初储存的能量为经过次剩余能量为第次加速剩余能量为第次加速剩余能量为第次加速剩余能量为根据函数上列出表表画出指数函数的图像图由本题的实际情境首先建立指数函数的模型再通过列表作图来解模即得符合实际情境的解世界各国都很重视整治环境污染从例的计算可以看出只注意发展工业不注意保护环境将会造成多么大的危害表格和图像表明经过次加速之后剩余能量是原来的一半左右例工业污染会使一些河流中鱼类逐年减少假设某条河受到污染原来有各类鱼一万条现以每年的速度图减少求这条河中鱼的数量随年数变化的函数关系式第年这条河中鱼的数量精确到万条解设年后剩下的鱼为万条年义第年第工年当时万条即这条河中鱼的数量随年数变化的函数关系式为第年这条河中鱼的数量约为万条课堂练习某种药物服用之后通过尿液排出体外每经过天药物在体内的剩余量就减为原来的这种药服用两周以后体内还剩多少随着电子技术的飞速发展电脑的成本不断降低若每隔个月电脑的价格降低为原来的工则现在每台标价为元的电脑经过多少个月后降为元</text>
26,<text>一对数及其运算对数的概念先看一个例子假设今年我国的国民生产总值为亿元如果每年平均增长那么经过几年我国国民年生产总值是今年的倍设经过年我国国民年生产总值是今年的倍由题意得尸即这个例子是已知底数和幕的值求指数的问题这就是我们要学习的对数问题一般地如果的次帮等于即那么叫做以为底的对数记作其中叫做对数的底数叫做真数对数式中的底数与指数式中的底数范围一样即且关例如指数式写成对数式是读作以为底的对数等于例将下列指数式写成对数式解根据对数的定义对数且具有下列说明具体操作是这样的取饵日说明是一个无理数性质例解和负数没有对数即的对数为即底的对数为即将下列对数式写成指数式例求下列各式中的工解方对数值的计算我们通常用计算器进行计算例用计算器计算下列各数的值精确到解在对数中我们通常将以为底的对数叫做常用对数的常用对数困小记作在科学技术中我们把以为底的对数叫做自然对数的自然对数记作例用计算器计算下列各数的值精确到解修在计算器上的符号是庖的符号就是回课堂练习将下列指数式写成对数式将下列对数式写成指数式万求下列各式中的工求下列各式的值密用计算器计算精确到用计算器计算精确到乙对数的运算性质我们来计算箝和偌畲的直精确到一名是否对任意正数都有呢举别的数试一试一仿照性质的证明方法根据的值可得二吁勺这就证明了性质对数的最大优点就是可以把乘法变换成加法把除法变换成减法把乘方变换成乘法历史上就是为了处理天文学上大量的繁复计算才发明了对数当时有人为了制作对数表花了二十年时间现在有了计算器机对数表已成为历史乙乙从而得到北密之密乃花对数的运算性质性质如果那么以下给出性质的推导过程设化为指数式得化为对数式所以性质如果那么而性质如果那么性质如果那么例用才表示下列各式解第例计窠晦解噫课堂练习用表示下列各式计算美国科学家发现智利的复活节岛上矗立着多尊巨人石像石像一般高米重达吨个别巨大的石像有些高达几十米重达吨几乎是遍及全岛都是由整块的暗红色火成岩雕凿而成的美国科学家在科考中使用的是放射性碳年代鉴定法首先是对放射性同位素碳的含量进行测定这一同位素是在宇宙射线的作用下形成并蓄积在有机物中专家们从当地最古老地层收集了用来作年代鉴定所必需的材料有木片木炭和奇迹般保存下来的植物种子科学家利用放射性同位素碳并借助对数知识进行古物的年代鉴定</text>
27,<text>二对数函数的概念我们曾经研究过细胞的分裂问题某种细胞在分裂时个分裂成个个分裂成个第次分裂得到新细胞数与分裂次数工的函数关系式为我们来研究反过来的问题个细胞经过多少次分裂后可以得到万个细胞这就需要引入一个新的函数即要把分裂次数表示成细胞个数的函数我们将这个函数表示为是已知求的式子是倒过来已知求工的式子虽然这两个式子表达了两个不同的函数关系但卢浮宫蒙娜丽莎是达芬奇于年完成的作品假如碳的半衰期为年古董市场有一幅达芬奇的绘画测得其碳的含量为原来的你能用所学的知识根据时间判断这幅画是真迹还是鹰品吗对数的真数要大于零是求对数函数定义域的关键它们具有密切的关系在函数关系中习惯上用表示自变量用表示函数所以我们将改写成一般地函数且叫做对数函数其中是自变量对数函数的定义域是例已知函数唯求和解例求下列函数的定义域解因为即所以函数的定义域为因为即所以函数的定义域为因为与三即所以函数的定义域为一因为即所以函数的定义域为把指数形式改写成对数形式是比已知函数求和求下列函数的定义域</text>
28,<text>一对数函数的图像与性质对数函数的图像可以通过描点法画出例分别画出函数和的图像解这两个函数的定义域都是十列表表表用描点法分别画出函数的图像图和的图像图通过对以上函数图像的分析我们看到对数函数在底数及这两种情况下的图像如图和图所示从上面的图像和指数函数的性质我们不难得到对数函数且的性质性质对数函数的图像在轴的右方性质对数函数的图像经过点例已知函数和函数函数和卷的图像都经过点当工时解因为对数函数的图像一定经过点所以函数和的图像都经过点当时课堂练习函数与的大致图像分别是下图中的第题用不等号或等号连接下列各式已知对数函数的图像经过点试求的值并画出函数图像从对数函数的图像还可以推出两条对数函数的性质性质对数函数当时当时对数函数口当时当时性质对数函数在上是增函数对数函数在上是减函数例比较下列各题中两数的大小与与解因为对数函数在上是增函数又因为所以因为对数函数得在上是减函数又因为所以例已知下列不等式判别与的大小解因为对数函数在上是增函数又所以因为对数函数在十上是减函数又所以本题也可以利用计算器直接计算结果进行比较结合对数函数的图像你是怎样想的对数的真数恒大于零课堂练习下列不等式中正确的是下列不等式中正确的是比较下列各题中两数的大小与已知下列不等式判别与的大小</text>
29,<text>二对数函数模型的简单应用以下通过几个实例来说明对数函数的简单应用由本题的实际情境首先建立对数函数的模型通过计算来解模即得符合实际情境的解例上一节开头的例子中设今年我国国民生产总值为加亿元加如果每年平均增长那么经过多少年我国国民年生产总值是今年的倍精确到年解设经过丁年我国国民生产总值是今年的倍根据题意得化简得所以答经过年我国国民年生产总值是今年的倍例有一种放射性元素镭经过年后的质量为原来质量的设质量为克的镭经过年后的质量为克请把经过的年数表示为质量克的函数并求出经过几年后克镭的质量为原来的一半精确到年解年后镭的质量为克年后镭的质量为义克年后镭的质量为克年后镭的质量工克为尸克即由得关于的函数关系式为当工时万弋所以经过年后克镭的质量约为原来的一半课堂练习假设某种细胞每次分裂使个细胞成为个细胞试把分裂次数表示成关于细胞个数工的函数并求出几次分裂后细胞为个某城市现在的人均绿地面积为如果每年以的速度增长那么经过多少年后人均绿地面积可以达到精确到年探究与实践数学模型的准确选用惠民家电厂今年月月月生产家电分别为万台万台万台图为了估测以后的产量以这三个月的产品数量为依据用一个函数模型模拟家电产品的月产量万台与月份数的关系模拟函数可选用函数其中于均为常数或函数其中均为常数又知该厂月份的家电产量为万台试问选用以上哪个函数模拟较好请说明理由由本题的情境及函数丁得解方程组得所以工于是一由本题的情境及函数得解方程组得所以于是因为比较接近所以宜选用函数作为模拟函数较好本题的情境是给出了两个模拟的函数模型根据条件判断选用哪个函数模型较好首先按照题意求出这两个函数的关系式然后分别求出和并将此与月份该厂的家电产量进行比较哪个值接近就选用哪个函数模型在生产实践中分析生产状况预测产量走势常常要借助或选择某个数学模型来判断用技术手段画指数函数和对数函数的图像有许多计算机软件可以用来画指数函数和对数函数的图像以下我们借助其中的一种免费数学学习软件来作图如图在左侧绘图选项卡内选择方程和函数栏榆入函数关系式并点击图形钮在右侧平面直南坐标系中就出现函数的图像曲用上面的方法我们可以画出函数的图像如图所示个看经卬卜岭如果想在同一平面直角坐标系内作多个函数的图像我们可以点击添加钮在新增的空白输入栏内添加新的函数关系式并点击图形钮那么即可画出多个函数的图像例如我们可以用这种方法画出的图像如图所示我们还可以用这个方法画出的图像如图所示我们发现这些函数图像组合而成的图形充满生趣展现了生动的数学之美图如果想了解更多的信息可扫描下面的二维码图</text>
30,<text>角的概念的推广伴你学习在初中曾学过角叫做平角角叫做周角你还记得吗你学过的角已有很多如锐角直角钝角平角周角等等这些熟悉的角的大小都在到之间但是在现实生活中也有超过的角如体操跳水运动中都有转体两周或三周即转体或这样一些高难度动作钟摆的摆动车轮的旋转图所有这些都向我们呈现了任意角的实际模型你还能举出几个任意角的实际例子吗钟摆的摆动图角可以看作由一条射线绕着其端点由初始位置始边旋转到终止位置终边所形成的由于实际问题的需要我们对任意角作如下规定将角的顶点放在平面直角坐标系的原点角的始边与轴的正半轴重合这样如果射线没有旋转即始边和终边重合那么这个角叫做零角射线绕坐标原点按逆时针方向旋转所形成的角叫做正角射线绕坐标原点按顺时针方向旋转所成的角叫做负角图上文中的角在生活中寻常可见例如轿车上的方向盘图通常可逆时针顺时针旋转各一圈半设轿车方向盘的旋转角为方向盘逆时针旋转一圈半旋转角为方向盘顺时针旋转一圈半旋转角为一图方向盘的旋转图你是否注意到一角的终边有何特点如图所示它们的终边都是轴的正半轴且它们与角相差的整数倍当然这样的角是数不胜数的你不可图分别是第几象限角能把它们一一写出来但是我们学了集合以后它们的全体可以用集合表示例如以轴的正半轴为终边的任意角可以表示为一般地与角终边重合的角包括角的集合可表示为在平面直角坐标系中由于角的终边可以在任意位置我们规定角的终边落在第几象限就称这个角是第几象限角或者说这个角属于第几象限如果角的终边落在坐标轴上那么这个角不属于任何象限如角的终边在第一象限它是第一象限角一角的终边在第二象限它是第二象限角角的终边是轴的正半轴它不属于任何象限等等例分别写出与下列各角的终边相同的角的集合解与角终边相同的角的集合是与一角终边相同的角的集合是例设下列各题中角的终边与角的终边重合求角在平面直角坐标系中作出角并判断它们属于哪个象限解因为所以取角的图像如图所示因为是第二象限角所以角也是第二象限角因为所以取为角的图像如图所示因为是第四象限角所以一角也是第四象限角课堂练习在平面直角坐标系中作出下列各角并写出与这些角的终边相同的角的集合已知下列各角的终边与角的终边相同求角并判断它们属于哪个象限</text>
31,<text>弧度制在初中阶段已学过把一个圆周角等分每一份叫做度的角又知道由于数学和科学研究的需要下面我们来学习嘤制如图所示靠的长等于半径则赢所对的圆心角的大小是弧度用弧度作单位来度量角的制度叫做弧度制这样我们可以计算一个圆周角的弧度数因为半径为的圆周长为厂所以个周角工弧度天弧度即弧度由此可得度与弧度的转换关系高弧度弧度弧度三勺通过上面的学习你对角度与弧度的关系应该有了一定的认识结合图以为始边请在表空格处填上适当的内容表点所转过的弧长旋转的方向所成角的弧度数逆时针方向厂顺时针方向兀厂逆时针方向逆时针方向图一兀一兀图如图把半径为的圆相切于实数轴的原点代表弧度为把实数轴的正半部分绕着圆周逆时针旋转一圈以后数轴上的点与切点重合把实数轴的负半轴绕着圆周顺时针旋转一圈以后数轴上一的点与切点重合同理绕二圈三圈得到土的点都与切点重合对应式一对应一这样将以弧度为单位的角与实数一一对应起来给研究问题带来了许多方便由弧度的意义可知任何一个圆心角图它的弧度数总是其所对的弧长与半径的比即这里的正负由它的终边的旋转方向而定弧度制的引人使角与实数对应起来正角的弧度数为正数零角的弧度数为零负角的弧度数为负数例将下列各角度换算成弧度解高弧度弧度一乂高弧度一个弧度高弧度白瓜度例将下列各弧度换算成角度弧度一弧度解可弧度不冗弧度一同样我们可推出一些特殊角的角度数与弧度数的对应关系如表请填写完整表角度数弧度数例用弧度制表示与下列各角终边相同的角的集合解与微的角终边相同的角的集合可表示为藐因为一一所以与一的角终边相同的角的集合可表示为夕在易于识别的情况下用弧度制表示角时弧度两字可以省略不写计算器有弧度制与角度制的转换功能你可以用计算器验证一下结果是否正确在同一个式子中角的度量单位要一致例的集合不可以表示成怜兀课堂练习将下列表中的特殊角由角度化成弧度由弧度化成角度角度数弧度数五将下列各角度换算成弧度将下列各弧度换算成角度精确到度深入周边环境考察生活和生产中的旋转现象我们可以发现很多生活中的数学问题小王同学在考察周边环境时首先发现旋转门有安全美观环保等优点其次旋转门有三叶四叶多叶等不同品种下面是他所拍摄的三叶旋转门的照片结合任意角的知识回答下列问题如果三叶旋转门顺时针旋转周那么旋转门旋转了多少度即多少弧度如果三叶旋转门逆时针旋转周那么旋转门旋转了多少度即多少弧度</text>
32,<text>一任意角的三角比学习了任意角它的三角比与锐角三角比有何不同呢考察图在任意角的终边上任意取一点点与原点不重合设过点向轴作垂线垂足当时这里的正弦余弦和正切的定义与锐角三角比的定义是一致的为点则任意角的三角比规定如下叫做角的正弦叫做角的余弦施叫做角的正切必须指出点是角终边上的任意一点根据相似三角形原理这三个三角比的比值都是唯一确定的与点在的终边上的位置无关如图所示已知角的终边经过点求的值解因为工所以例求下列各角的正弦余弦和正切值解如图所示行的终边在第三象限在终边上取一点使于是可得点的坐标为一一彳因为所以如图所示牛的终边在第四象限在终边上取一点使于是可得点的坐标为因为由所以如图所示圆心在原点半径为的圆叫做单位圆在例中实际上我们已经利用了单位圆的知识来求三角比利用单位圆求已知角的三角比比较方便的终边与单位圆的交点的坐标由而厂所以三角比的值在各个象限内的符号具有一定的规律如图所示分别是正弦余弦正切值在各个象限内的符号在三角比中江方为什么图例的解法是先确定角所在的象限然后根据三角比的定义来判断三角比的正负其实当确定角所在的象限后根据图即可得出它们的正负了当然还可以借助计算器直接计算三角比的值在下面的实践与操作中即可解决在初中曾学过一些特殊角的三角比列表如下国叵国在例判断下列各三角比的正负昌学兀解因为是第三象限角其终边上任一点的纵坐标所以即因为一是第二象限角其终边上任一点的横坐标所以土即因为一方是第四象限角其终边上任一点的纵坐标所以即因为华天兀是第一象限角其终边上任一点的横坐标纵坐标所以即对于终边与坐标轴重合的角我们可在它们的终边上取点由点的坐标得到它们的三角比见表空格处由学生填写表点尸的坐标不存在课堂练习已知角的终边经过点求的值若角的终边经过点则下列值中不存在的是求角三的正弦余弦和正切的值判断下列各式的值符号号实践与操作利用计算器求已知角的三角比的值用函数型计算器可以计算已知角的三角比的值在这种计算器上一般角的单位设置有三种角度制弧度制和梯度制梯度制就是将的角分成份每份叫做梯度梯度应用少这里不作介绍当甫以角度制表示时应先按区此时显示屏显示这表示进入角度制状态在输入角度时度分秒依次输入先输入度数按一下巴维然后输入分数再按一下键最后输入秒数再按一下巴键如果已知角是整度数角那么无须使用键在求已知角的三角比时先输入三甭比的名称然后输入已知角的数值按等号键即可得到已知角的三角比的值当角以弧度制表示时应先按酝叵此时显示屏显示这表示进入弧度制状态在求已知角的三角比时先输入三角比的名称然后输入已知弧度数按等号键即可得到已知角的三甭比的值例用计算器求三角比的值并写出操作步骤各种型号计算器的按键方式不尽相同本教材计算器的按键方式只是其中的一种若有不同请阅读计算器说明书本题精确度按计算器设计要求精确到小数点后第位即一叫这一般能满足工程技术上的要求我们在学习过程中通常只要求精确到小数点后两三位即可即或例需在角度制状态下操作而例需在弧度制状态下操作解操作画匕已匕目一所以操作国一所以操作面日所以操作国吕一一所以操作运区酶亘臼日一一专所以操作画日一所以说明比较例与例的操作虽然顺序完全一样但前者在角度制即状态下后者在弧度制即状态下可见用计算器求已知角的三角比时要看清已知角的单位制度将计算器调整到所需的状态下进行计算</text>
33,<text>二同角的三角比我们知道根据三角比的定义角的正弦余弦和正切分别是且这些三角比之间有什么关系呢不难发现它们之间存在着两种关系平方关系和商数关系当时即借助同角三角比的这些关系知道一个角的某个三角比的值可以求出这个角的其他三角比的值也可以用来化简同角的三角比或证明三角恒等式例已知亏且为第二象限角求和的值解由得必须指出公式在只有当的值使等式两边都有意义时才能成立冗冗例如当万时乙乙不存在所以公式不成立因为是第二象限角所以于是一三你能用任意角的三角比定义求解例和例吗例已知且是第二象限角求和的值解由得所以解方程组得或一三因为是第二象限角所以于是例化简将用与来表示若将分子分母同除以则分子转化为含有的表示式可获得同样的结果请你试一试夕夕课堂练习用计算器求三角比的值并写出操作步骤精确到已知一且角在第四象限求与的直已知求与的值化简</text>
34,<text>简化公式因为在中所以锐角乙三角比之间有如下关系这里是锐角其实对为任意角时这些公式都是成立的对任意角这组公式的证明可借助图进行像这类简化公式比较多但很有规律我们将分类逐步学习一般地为了方便求任意角的三角比需要把在区间之外的三角比转化为在之内的三角比再进一步转化到区间内的三角比这种转化要通过简化公乙式来实现兀的三角比的简化公式由三角比的意义可知与任意角终边相同的角万只要对三角比有意义它们的同一三角比总是相等的即简化公式也叫做诱导公式公式这是公式一如以一的三角比的简化公式如图所示一和的终边关于轴对称若角的终边上一点则必在一的终边上于是一即一图再根据公式一可以推得一归公式二这是公式二例化简下列各式解一一例求下列各三角比的值等解一五一课堂练习化简下列各式求下列各三角比的值求下列各三角比的值广的三角比的简化公式如图所示将角的终边逆时针旋转弧度得角兀这时角的终边与角的终边关于原点对称角终边上的点关于原点对称的点必在角兀的终边上于是一一即一公式三如十这是公式三将这组公式中的换成一即得一同理可得兀一六一即公式四如这是公式四的三角比的简化公式如图所示将角的终边逆时针旋转微弧度乙得角点旋转后对应的点为作垂直于轴垂足为作垂直于轴垂足为易知此时必有点的坐标为一门于是即公式五利用公式二和公式五容易导出微一的简化公式即公式六例求下列各三角比的值解求任意角的三角比通常利用简化公式将负角的三角比转化为正角的三角比再转化到锐角的三角比旦六十百例化简下列各式一解万乙八微一乙自一</text>
35,<text>正弦函数的图像与性质你已知道任意一个实数在弧度制中对应着一个唯一确定的角这个角又对应着唯一确定的正弦值或余弦值于是任意一个实数有唯一确定的值或与之对应由这个对应法则所确定的函数或叫做正弦函数或余弦函数其定义域是下面我们先画出在用上的图像第一步列表精确到如表所示表大天口第二步在平面直角坐标系中描点并用光滑的曲线顺次这五个关键点是函数图像的最高点最低点以及图像与轴的三个交点像这样画正弦函数图像的方法叫做五点法考察这个图像你可以发现图像上有个关键的点胃一它们对图像的形状起着至关重要的作用当对精确度要求不高时只需描这个点用光滑的曲线连接起来即得正弦函数在相应区间内的大致图像图只是正弦函数的图像的一部分事实上正弦函数的定义域是一切实数又归所以在下列区间兀工上的图像与在兀上的图像完全相同如图所示正弦函数在定义域上的图像也可以看作由上的图像向左和向右分别平行移动后得到图正弦函数的图像叫做正弦曲线正弦函数的性质定义域和值域考察图可以得到函数的定义域是值域是一这就是说在整个横轴上都有正弦函数的图像并且图像的最高点处的纵坐标为最低点处的纵坐标为一当忆冗左时函数取得最大值即舸当标一微时函数取得最小值即小奇偶性根据可知正弦函数是奇函数它的图像关于原点中心对称单调性由图可知当一制时曲线上升其函数乙乙值由一增加到当正岛闱时曲线下降其函数值由减少到一因为所以正弦函数在冗一上是增函数函数值由乙乙增加到在八十今三归上是减函数函乙数值由减少到一周期性你一定感觉到在你的周围有许多周而复始不断重复出现的现象周期现象在自然界和日常生活中是屡见不鲜的江河的潮起潮落每周的星期一至星期日一年四季的春夏秋冬图总是周而复始重复出现图正弦函数的图像也有这样的特征图的图像波纹有规律地起伏无限延伸呈现周期性规律在数学上用周期函数来描述周期现象一般地对于函数工若存在一个常数丁使得当取定义域内的一切值时都有成立则函数工叫做周期函数常数叫做周期函数的周期现在我们来看正弦函数因为且左对于任意这个等式都成立所以正弦函数是周期函数它的周期是左且归即集合兀一兀一式兀中的元素都是它的周期在这些周期中有一个最小的正数叫做函数的最小正周期一般地对于周期函数来说若在所有的周期中存在一个最小的正数则此最小正数叫做这个函数的最小正周期本书后面提到三角函数的周期时都是指最小正周期例已知函数周期的作用是显而易见的我们只需考虑一个周期就能解决问题例如排课程表只需排一周的课表不必排一学期每一天的课表你还能举出一些利用周期现象的例子吗用五点法画出这个函数在用上的图像求出这个函数的最大值和最小值判断这个函数的奇偶性讨论这个函数在用上的单调性解第一步列表如表所示计算的函数值只需将的对应函数值加即可表万这个函数的图像可把它看成是由函数的图像向上平移个单位得到也可以利用图形计算器或计算机画出函数与函数在上的图像并对例中所画的图像精确状况作比较分析第二步在平面直角坐标系中描点元并用光滑的曲线顺次连接即得函数在上的图像图根据函数的解析式与它在马上的图像可得当了时函数的最大值当工笄时乙乙函数的最小值函数的定义域为一切实数因为一部所以一壬一一孙因此这个函数既不是偶函数也不是奇函数根据图像函数在孔博上是乙乙增函数在后期上是减函数乙乙例求下列函数的周期解因为对于函数定义域内的任意实数有元所以函数的周期因为对于函数信定义域内的任意实数有乙万冗冗乙所以函数的周期由本例可知求的周期可运用公式丁昌求得公式中加绝对值是为了确保求出的周期是正数课堂练习已知函数用五点法画出这个函数在上的图像求这个函数的最大值和最小值判断这个函数的奇偶性讨论这个函数在用上的单调性求下列函数的周期乙</text>
36,<text>一余弦函数的图像和性质学习了正弦函数的图像和性质以后采用类比的方法很容易掌握余弦函数图像的画法及其性质先用五点法画余弦函数在上的图像第一步列表如表所示根据图像说出余弦函数在上递增与递减的范围第二步在平面直角坐标系中描点一借兀并用光滑的曲线顺次连接即得余弦函数在用上的图像图因为所以函数是周期函数将在上图像向左向右平移即得的图像图图余弦函数的图像叫做余弦曲线根据可知余弦函数是偶函数它的图像关于轴对称将正弦函数与余弦函数的性质进行类比列表如表所示表函数定义域值域奇偶性在用上的单调性周期奇函数在用增在当上递上递减偶函数在上递减在上递增例求下列函数的周期最大值和最小值解因为一所以函数的周期因为一一所以函数的最大值最小值因为与十力传力所以函数孑的周期因为一所以函数的最大值最小值由本例可知求的周期可运用公式吕求得课堂练习已知函数用五点法画出这个函数在用上的图像求出这个函数的最大值与最小值判断这个函数的奇偶性讨论这个函数在上的单调性求下列函数的周期最大值和最小值</text>
37,<text>二正切函数的图像与性质对于任意一个实数力左五十有唯一确定的值与之对应由这个对应法则所确定的叫做正切函数其定义域为是这里先画正切函数在一上的图像第一步列表用计算器计算的对应值如表所示表一第二步在平面直角坐标系中描点一一信信卜并用光滑的曲线顺次连接即得正切函数吁在一上的图像图因为江豆所以函数乙卜十是周期函数如果将函数今的图像复制到一个个区间一萼一身乙乙乙乙上那么就得到笈兀微乙的图像图正切函数的图像叫做正切曲线正切函数的主要性质有定义域值域周期性因为对任意的无兀一之六悔有所以是周期函数其周期丁兀奇偶性因为对定义域上的一切都有所以是奇函数它的图像关于原点中心对称单调性在定义域的每个区间隰一泉薪十多正上乙乙都是增函数例求下列函数的周期乙解因为注意正切函数在整个定义域上不是增函数只能说在定义域的每个区间左兀一员九上都是增所以函数的周期乙函数因为兀六乙乙乙所以函数的周期由本例可知求的周期可运用公式丁占求得课堂练习求下列函数的周期判断函数了一的奇偶性并讨论其单调性</text>
38,<text>函数的图像与性质世纪法国数学家傅立叶发现任何声音都可以用几条不同的正你知道吗每天太阳东升西落海水涨潮退潮乃至一年四季更迭都包含着周期性变化我们每时每刻使用的交流电其电流的大小电压的高低也是周期变化的前面你所学的正弦函数虽是描述周期变化最简单最基本最重要的周期函数然而在丰富的实际问题前它具有明显的局限性例如它的周期只能是而实际中的周期现象其周期可以取弦曲线来描述现在数学中专门有一个分支叫傅立叶分析用正弦曲线来描述无线电讯号心脏跳动地震脉冲电流指纹识别视网膜纹的识别等各种不同的值又如的最大值是最小值是一这因为兀所以函数的周期丁这一步很重要因为求得了周期就确定了图像在一个周期内的范围第二步的关键是寻找确定图像在一个周期内的起点和终点最高点和最低点也不足以描述周期变化的实际问题中量的变化范围的变化起点了时的状态只能是这也不能描述从不同状态开始的周期性变化由此可见以正弦函数为基础进一步学习函数是必要的其中用三个量是常数它们可以在一定程度上克服的上述缺点更好地描述不同周期不同变化范围不同初始状态的周期现象所以了解函数旌山配犷的图像和性质具有重要的实际和应用意义下面我们先来学习函数公的图像画法并研讨其主要性质例先用五点法画出函数在一个周期内的图像然后根据周期性画出它的图像并写出这个函数的定义域和值域解第一步求的周期这个函数的周期丁零兀第二步确定五个关键点把土方看成一个角使它分别等于兀有求得分别等于乙乙列表如表所示表第三步在平面直角坐标系内描点一金信弓一爷并用光滑的曲线顺次连接即得函数在一个周期内的图像图借助函数的周期性将图的图像向左向右平移即得函数的图像图图这个函数的定义域是值域是由本例可以得到函数的定义域是值域是函数的最大值是最小值是一周期是红你若有兴趣可研究它的奇偶性和单调性如果函数亩十卯用来描述简谐振动那么式中的三个量八在实际问题中都有其物理意义就表示振动时离开平衡位置的最大值叫做振动的振幅振动一次所需的时间红叫做振动的周期单位时间内振动的次数会叫做振动的频率迎叫做相位用叫做初相即当时的相位课堂练习求下列函数的周期最大值和最小值并用五点法画出函数在一个周期内的图像彳卜二营山王四求下列函数的振幅周期频率相位和初相孑</text>
39,<text>一正弦定理三角形的三条边和三个角是三角形的六个元素解三角形就是由其中的三个元素至少要有一条边求出其余的三个元素我们已经在初中学习过解直角三角形这里学习解斜三角形我们先来研究三角形的边角关系如图所示在中设分别为的对边为边上的图在中同理可得公由乙乙正弦定理实际上包含了三个等式具体求某一个量时只需用其中一个等式就可以了这说明三角形的面积等于任意两边及其夹角正弦值的积的二分之一将等式中各式都除以乙乙乙得这就是说在三角形中各边与它所对角的正弦的比相等这种边角关系叫做正弦定理例如图所示有两艘东西方向行驶的巡逻艇在海上巡逻它们相距海里同时发现海上有一艘渔轮发生险情如果巡逻艇发现渔轮在北偏东处巡逻艇发现渔轮在北偏西处那么渔轮距两艘巡逻艇各为多远精确到海里解由此实际情境建立数学模型就是如图已知中海里求与的长在中由正弦定理得即广怒海里由得生嘿打海里某一方向线与磁针方向线南北方向之间所夹的锐角叫做这个方向的象限角象限角用北偏东北偏西或者南偏东南偏西几度来表示在解决这个实际问题的过程中实际上是在寻所以渔轮到巡逻艇的距离为海里到巡逻艇的距离为海里求并使用正弦定理这个数学模型本例说明正弦定理能解决已知三角形的两角及一边求三角形的其他元素的问题例已知中求解在中由正弦定理可知乃所以或因为所以不合题意舍去由京近百得所以本例说明正弦定理还能解决已知三角形的两边及一对角求三角形的其他元素的问题解题过程中遇到求非特殊角的三角函数值时可利用计算器进行计算解已知两边及一对角求三角形的其他元素问题的一般步骤是先利用正弦定理求出其中的一个角由于三角形内角的正弦总是正的所得的角可以是锐角也可以是钝角只须将求得的钝角与已知角相力口判断是否大于若大于则只有一解若小于则有两解课堂练习已知中求已知中求</text>
40,<text>二余弦定理如图在三角形中已知与求人及这是已知两边及其夹角求三角形其他元素的问题我们可以先求再应用正弦定理来求角如图建立平面直角坐标系从图中可得到三点的坐标分别是由两点距离公式得所以同理可得这就是说三角形一边的平方等于其他两边的平方和减去这两边与其夹角的余弦值乘积的两倍这叫做余弦定理以上定理可以解决在三角形中已知两边及其夹角求其他元素的问题通过恒等变形余弦定理还可以写成如下形式乙解已知三边求三角形的三个内角问题的一般解法如下利用余弦定理求出大边所对的角利用正弦定理或余弦定理求出第二个个角利用三角形内角之和为求出第三个角这三个余弦定理的变形可以解决在三角形中已知三边求三角形的三个内角的问题例已知中求解在中由余弦定理得因为所以例已知中求解在中由余弦定理得所以</text>
41,<text>三正弦定理和余弦定理的应用解三角形在物理天文航海和测量等方面都有广泛的应用下面我们通过例题来学习解三角形在这方面的应用例卫东镇人民政府根据发展需要计划在鸿运河的两岸处图建一座桥需要知道的长测量员在河岸上点的同旁取一点测得的长为米问长为多少米精确到米解由此实际情境建立数学模型如图已知求根据正弦定理得而于是不米所以的长为米例上海中心大厦是上海超高层标志性建筑图有一位测量爱好者在与上海中心大厦底部同一水平面上的处测得上海中心大厦顶部的仰角为再向上海中心大厦前进米到处测得上海中心大厦顶部的仰角为由这位测量爱好者测得的数据算出上海中心大厦的高度精确到米解根据题意画出如图所示的示意图这样问题化为求的底边上的高儿由题意可得米由正弦定理得即所以弋米因此上海中心大厦高度约为米一请用建模解模释模的思想方法对本例进行阐述例自动卸货汽车的车箱采用液压机构如图设计此液压结构时需要计算油泵顶杆的长度已知车箱的最大仰角为油泵顶点与车厢支点之间的距离为点在水平线之下与水平线之间的夹角为长为试计算的长保留个有效数字解如图在中由题意知由余弦定理得所以即的长约为三课堂练习作用于同一点的两个力的大小都是牛若要使此两力的合力也是牛则两力之间的夹角应是如图某渔轮在处看见灯塔在北偏西渔轮以每小时海里的速度向正北航行经过分钟航行到处看灯塔在北偏西求灯塔到处的距离精确到海里第题小陈从地出发去地在的正北方向由于修路小陈选择绕路从地先走米到地再由地走米到地如图已知方向为北偏西问小陈这样走比路线多走了多少米精确到米探究与实践变化对函数的图像的影响有许多计算机软件可以用来画函数的图像以下我们借助其中的一种免费数学学习软件画函数万的图像如图在左侧绘图选项卡内选择方程和函数栏输入函数关系式十万并点击图形钮右侧平面直角坐标系中就出现函数的初始图像随后点击下方的图形控件栏通过点击下拉菜单分别选择拖动边上的滑块即可观察函数中归的图像分别关于取不同值时的动态变化图到图依次反映了取不同值时对函数氏图像的影响如果想了解更多的信息可扫描下面的二维码潮汐对万吨巨轮装卸货物的影响洋山深水港的建成为上海跃入世界大港奠定了坚实基础无论是洋山港还是黄浦江码头每天万吨轮停靠时间都与潮汐密切相关因此掌握某个港口在一天内的时间与水深关系的变化十分重要下面是某港口在某天的时间与水深八米的关系表表海水受日月引力的影响在一定的时候发生涨落的现象叫潮汐通常早潮叫潮晚潮叫汐一般条件下船在涨潮时进港停靠码头卸货后落潮时返回海洋表时刻水深八米时刻水深米问题经长期考察水深八米与时间符合正弦型函数的关系试求出这个函数的解析式画出它的图像并给出整点时水深的近似值某货船的吃水深度为米安全系数规定至少要有米的安全间隙根据图像该船何时能进入港口在港口能停留多少小时解以时间六时为横轴水深米为纵轴建立平面直角坐标系并将表中的相关点描入坐标系图观察这些点的规律的最大值是最小值是且有个点都在直线上其他各点都沿这条直线上下波动上下波动的范围是于是这条吃水深度指的是船底与水面的距离安全间隙指的是船底与海底的距离相关点的坐标分别是正弦型曲线的函数可表示为七十又从图上可知道一天小时内出现两个周期故即的等所以这个函数的解析式是由函数式可以算出整点时水深的近似值列表如表所示表时刻水深米时亥水深米根据题意由船的吃水与安全间隙的要求水深米米在同一平面直角坐标系图中直线与函数的图像相交的区域有两段由整点时的水深表可知在时间至及至船只进入港口最安全在港口可停留小时为了让你对潮汐现象有更多的了解建议你尽可能查阅资料最方便快捷地查阅资料的方式是上互联网搜索登陆一个搜索网站榆入关键词潮汐就可以查到与潮汐有关的大量资料通过阅读可启发你所感兴趣的问题例如查阅沿海某地区若干天海水深度与时间关系的曲线图以及潮汐时间表观察曲线的形状是否为正弦型曲线是否以小时为周期研究潮汐的时间表观察其中的规律是否每天的潮汐时间相同若不是是否是周期变化周期为多长将你观察与研究的结果与上述内容进行比较</text>
42,<text>一数列的概念数列是按照一定次序排列起来的一列数因此若把中的项顺序倒置改写成它的数学意义便不一样了它与是两个不同的数列数列必须强调排列次序在社会实践活动中你经常会发现一些事物的数量可排成一列数如图所示是一张某个月的日历表在这个月中每周周四的日期可依次排成一列数某种细胞在培养过程中一个分裂成个每一小时分裂一次观察记录如表表经过时间时细胞个数我们把每次分裂后细胞的个数记下来可依次排成一列数无穷多个可排成一列数圆周率冗的不足近似值按照精确度的顺序排成一列数把一的一次寨二次幕三次塞依次排成一列数某商店上半年月份到月份营业额的条形图如图所示把其营业额单位万元按月依次排成一列数像以上例子中按照一定次序排列起来的一列数叫做数列数列中的每一个数叫做这个数为三项各项依次叫做这个数列的第项或首项第项第项数列的一般形式可以写成以上数列也可以记为在数列中观察数列和发现数列有项数列有项我们把项数有限的数列叫做有交哉列而数列有无限多项我们把这种项数无限的数列叫做无穷数列数列的每一项都相等我们把各项都相等的数列叫做常数列数列可以看作是定义域为或其有限子集的函数当自变量按由小到大依次取值时所对它的一列数值例已知函数一旷当的值为时求的值并将这些函数值排成一个数列通出这个函数的图像解这些函数值所排成的一个数列是这个函数的图像是一些离散的点如图所示例根据图中图形的规律画出可能的第四个图形即图大叫叫图解根据图中可以发现与位置上下替的情形且的数量逐个增加的数量每次增加个的建故可能的第个图形为如图所示图课堂练习鑫藻根据本节课本中列举的数列进行填空在数列中在数列中即在数列中在数列中在数列中近在数列中即根据下列图形及相应点的个数找出规律画出可能的第个及第个图形并在括号内填上相应的点数组成一个数列小明家去年自来水消费量如下表所示抄表次数抄表月份消费量写出小明家这一年自来水消费量抄表月份依次排成的数列并画出其图像写出小明家这一年自来水消费量依次排成的数列</text>
43,<text>二数列的通项数列的第项叫做数列的通项如果数列的第项数列的通项公式不是唯一的如数列的通项公式是也可以是如果已知一个数列的通项公式那么只要依次用代替公式里的就可以求出数列的各项与项数之间的关系三匕用一个函数式来表示那么这个公式叫这个数列的通项公式例如数列的一个通项公式是数列三的一个通项公式是数列一的一个通项公式是应该指出的是并蓄丁有革公式如数列写出它的通项公式另外本章后文中若非帅丽均省略不写例根据与盅数列的前项解即可得此数列的前求以是不是此数列的一项如果是那么是第几项解因为说分别表示数列的第项和第项所以巾可帝一可设卷是数列的第项则九解得所以诃是数列的第项课堂练习电根据下面数列的通项公式写出数列的前项判断一个数是否是数列中的项只需把此数代替通项公式中的再求的值即解方程若能求得为正整数则此数是该数列的第项否则此数就不是该数列中的项已知数列明的通项公式乩和是不是这个数列的项如果是那么各是第几项如果已知一个数列的某几项可以通过归纳的方法寻找柜左的规律写出它的一个通项公式例已知两个数列的前项分别是分别写出它们的一个通项公式二数列是由奇数组成的数列的前项可写成义因为数列的每一项都是项数乘以减所以它的一个道公式是数列的前项可写成写出数列的一个通项公式有时候看上去很简单的数列却很难写出它的通项公式如素数数列至今为止尚无人能写出它的通项公式即而即而诃因为数列的每一项都是分子为分母为为项数的分数所以它的一个通项公式是</text>
44,<text>三数列的前项和数列的前项和是数列这一章学习中的重要内容注意厘清与的区别我们把卬叫叫做数列的前项和记作即例如数列一中前项的和为即例某工厂去年月份到月份生产所得的利润单位万元依次排列所组成的数列为求和并指出它们所表示的实际意义解表示该厂去年第一季度所得利润为一万元也即亏损了万元表示该厂去年上半年所得利润为万元课堂练习写出下列数列的一个通项公式已知数列则已知数列的通项公式写出这个数列的前项求出前项的和求</text>
45,<text>等差数列的概念在节图中如果在这个月的周三举行篮球训练期号数排成的数列是数列的特点是从第项起每一项与它的前一项的等于常数再观察数列归仁队第项起每一项与它的前一项的差分别等于同地如果一个数列从第项起每一项与它的前一项于同一个常数那么这个数列叫做等差数列做等差数列的公差通常用字母表示例嶙二中数列中分别等于看等差数列的定义我们可以推得它的通项公式卜等受数列的定义可知上看得时上面等式左右两边都是幻即等式也成立等差数列忆的通项公式是二三数列储力是等差数列如皋二求公差和妾求公差和即第章数列注意由通项公式得联立方程组解得未知量是解题中比较常用的方法解由等差数列的定义可知即由等差数列的通项公式得解方程组得例已知等差数列一一求它的第项问它的第几项是一解由题意知由等差数列的通项公式得设将分别代入等差数列的通项公式得一义一解得所以这个数列的第项是一课堂练习已知等差数列一皿下列数列中成等差数列的是瓜瓜在等差数列中已知求已知求即已知问是这个数列的第几项根据问题情境很明显这个问题的数学模型是等差数列例体育老师让大家做一个报数游戏首先让大家站成一排小明站在排头小红站在排尾从排头至排尾依次报数如果小明报的数是以后每人报的数要比前面一位同学报的数多最后小红报的是那么这一排队伍共有多少名学生解设由等差数列的通项公式得解得答这一排队伍共有名学生例一种车床变速箱的个齿轮的齿数成等差数列其中最大的和最小的个齿轮的齿数分别是与求中间个齿轮的齿数解由题意知皿代人等差数列的通项公式得在解本例时要紧紧围绕等差数列的定义分析题意然后再寻找解决问题的方法解得所以同样可依次求得皿答中间个齿轮的齿数依次为课堂练习一棵树苗栽种时高厘米预计平均每年长高厘米经过年这棵树有多高如图所示有一堆圆木堆成梯形最上面是根最下面是根一共有几层</text>
46,<text>二等差中项请你观察下面两个只有三项的等差数列可以发现这两个等差数列都具有这样的共同特征中间一项等于首末两项和的一半一般地如果三个数组成等差数列那么叫做与的等差中项由等差数列的定义得由等差中项的定义可知从等差数列的第项起每项有穷数列的末项除外都是它前一项和后一项的等差中项即在中如果三个内角的度数依次成等差数列那么一定等于所以如果三个数成等差数列那么等差中项等于另两项的算术平均数例求数和一的等差中项解根据等差中项的定义得例在中已知三个内角的度数成等差数列且求角的大小解在中因为又因为是和的等差中项所以把代人得解得因为所以课堂练习求下列各组数的等差中项与一同与套在等差数列中已知小求乩在与之间插入两个数使这四个数成等差数列求这两个数</text>
47,<text>三等差数列的前项和某校在一块长方形的地坪上铺设甲乙两种花色的地砖图左侧铺甲种砖第排铺块以后每排都比前排多铺块到第排铺了块右侧倒过来铺第排铺块以后每排都比前排少铺块最后第排铺了块两侧中间铺块乙种砖形成一条斜道图请你思考左侧铺了多少块甲种砖可以用哪些方法进行计算计算中你能发现什么耳左侧所铺甲种砖的总数记为则是飞右侧所铺甲种砖的总数也是有加桑把中间的乙种砖取走左右两侧甲种砖拼接在一起那么你们会发现每一排甲种砖的数目相等于皂十可得块电对于等差数列力一一八一两边分别相加得虹号等差数列的前项和的公式产之三等差数列的前项和等于首末两项的和与项等巷数列的通项公式整理可得的前项和的公式的另一种形式左等差数列匕中三三一一求三三一一求得丝叱二她一得第章教列如果把等差数列七的前项和的公式与通项公式一结合起来那么已知等差数列的即这五个量中任何三个都可以通过解方程组求出其他两个量例在等差数列储力中已知首项为公差为一前项之和等于一求项数解由题意知代入等差数列的求和公式得四产化简得解得九舍去所以项数例阳光剧场设置了排座位第排有个座位往后每一排都比前一排多个座位这个剧场共设置了多少个座位解由题意知剧场从第一排起每排的座位数组成的数列为等差数列求答阳光剧场共设置了个座位课堂练习在等差数列中已知求在等差数列中已知求在等差数列匕中已知求有一辆长途客车共有个座位从起点站出发时车上有人如果第站上来乘客人第站上来人依次类推问到第几站时车上的座位正好坐满</text>
48,<text>一等比数列的概念一尺之椀日取其半万世不竭这是中国古代战国时期惠施的名言其含意是一尺长的棍子第一天截取一半以后每天截取余下的一半永远也截不尽如果把每日截取后所余的长度记录下来得到了如下数列工这个数列从第项起每一项与它前面一项的比都等于同一个常数又如下面的数列它们从第项起每一项与它前面一项的比也都等于同一个常数其值分别是和一般地如果一个数列从第项起每一项与它的前一项的比都等于同一个常数那么这个数列叫做等比数列这个常数叫做等比数列的公比通常用字母表示例如数列的公比数列的公比数列的公比根据等比数列的定义得一于是由此得当时等式左右两边都是即等式也成立因此等比数列的通项公式是关例求等比数列的第项和第项解由题意知即均由等比数列的通项公式得例在等比数列中已知求说解将即用代入等比数列的通项公式得化简得解得炉舍去也可以直接用等比数列的通项公式求得和尸但注意要化简结果解得当痣时乃当时例在等比数列中已知心当求解将代人等比数列的通项公式得化简得即所以解得号厂号课堂练习警选择题若等比数列一则它的公比是一在等比数列中下列命题正确的是即一求下列等比数列的第项和第项求值在等比数列中已知求在等比数列中已知即求在等比数列中已知曲求人例已知一个等比数列的第项和第项分别是和求它的第项与第项解由题意知如心代入等比数列的通项公式得第章数列卜得解得一万所以当时学乂怖当一时必又一微尸一产当方程次数较高时可把两方程相除来降次这是解高次方程的常用的方法例今年小李从职业学校毕业后在某公司工作该公司现有员工人去年员工的平均年薪为万元该公司为了提高员工的工作积极性将员工的年薪增长率定为每年设今年为第年第年该公司付给员工的年薪总额是多少精确到万元如果小李今年年薪为万元那么第几年小李的年薪达到万元解由题意得员工的年薪总额分别为第年即第第年乂第年万元答第年该公司付给员工的年薪总额是万元设第年小李的年薪达到万元由题意得即义解得根据题意得几根据本问题的实际情境首先判断解决问题所用的数学模型是等差数列模型还是等比数列模型其次根据第小题的题意是求等比数列的第项而第小题的题意是求等比数列某一项的项数必须注意释模过程由于表示年数故采用进一法取答第年小李的年薪达到万元课堂练习已知一个等比数列的第项和第项分别是和求它的第项某工厂去年的年产值为万元计划在今后年内产值的年增长率为若今年为第年则第年该工厂的年产值是多少精确到万元</text>
49,<text>二等比中项如果成等比数列那么叫做与的等中项由等比数列的定义得所以或例求与的等比中项解由题意知所以所以与的等比中项是或一例在一与之间插入两个数使前三个数依次向等差数列后三个数依次成等比数列求这四个数组成的数列解设插入的两个数依次为则四个数组成的数为一由题意得把代人得一解得将代入得所以这四个数组成的数列是一五角星是人们心目中最美的图形之一图它之所以美是因为图中每一条线段跟它稍长那条线段之比都为黄金分割比又称黄金比如盖盘黄金分割比就是说是和的等比中项证明略若设五角星中长为求的长及黄金分割比照设的长为则由等比中项性质得即一徂后解得工舍去所以的长为西课堂练习求下列各组数的等比中项一与一痣与通在等比数列此中已知是与的等比中项求心和公比在与之间插入两个数使前三个数依次成等差数列后三个数依次成等比数列求这四个数组成的数列黄金分割人们一致认为黄金分割是古今美学中最美的分割长度之比为的图形最美世界上现存的最古老的具有均衡美的巴特农神庙法国巴黎的埃菲尔铁塔结构都是黄金矩形宽与长之比为黄金比的矩形达芬奇名画蒙娜丽莎是按黄金比来构图的雕塑维纳斯女神身体与腿的长度之比为黄金比芭蕾舞演员故意延长双腿使舞姿更美舞台上报幕员站在舞台宽度黄金分割点的位置最美音响效果最佳黄金比对人们自我保健有重要作用人生存的最佳气温约是人正常体温的吃饭最好吃六七成饱摄入饮食最好是六分粗四分精更使人惊异的是黄金分割在自然界的物形中也广泛存在若如人体从头到脚各部分高度之比蜗牛甲壳的构造甚至植物的叶序等自然物的形状都与黄金分割有密切关系这是因为美是一切事物生存和发展的本质特征黄金比不仅是美的体现而且在优选法中占有重要一席我国著名数学家华罗庚在工农业生产实践中推广法取得了巨大的经济效益如你有兴趣可对自然界某些物体各部分比例如建筑物长度之比做一些测量观察和记录你一定会发现黄金分割就在你身边数学之美无处不在</text>
50,<text>三等比数列的前项和如果你有一则消息用分钟把它传给了个人这个人得知后经过分钟又分别传给另外个人假设每个人得到消息后经过分钟都各自传给不知道消息的另外个人这样不断地传下去经过一个半小时后将有多少人知道了这则消息实际上每经过分钟得到消息的人数是前一次得到消息人数的倍一个半小时也就是分钟即个分钟于是知道这则消息的总人数为这就是求以为首项为公比的等比数列的前项的和如果用公比乘以这个等式的两边那么即得你一定会发现这两个式子中有许多相同的项若把两等式的两边分别相减则可化简得亿一个半小时后你的消息约有亿人知道了人们互相传话的速度是多么惊人啊一般地等比数列七首项田公比前项的和为等式的两边都乘以公比即得把等式和等式的两边分别相减等式左右两边都只剩下两个项如下式所示一由这个等式得当时等比数列七的前项和的公式是当时因为即所以例求等比数列一的前项之和解由题意知一七一代人等比数列求和公式得例已知等比数列的第项是最后一项是公比为一求此数列的各项之和解由题意知代人等比数列的通项公式得化简得一尸解得所以数列各项之和为口一一叮在运用等比数列前项和公式时首先要注意一下若把等比数列求和公式变形并用通项公式代人可得请你用这个结论计算例中的值例某人向银行贷款万元用于购房贷款年利率为按复利计算分年等额还款每年还一次他每年还款多少元精确到元这年中他多还了多少元精确到元解设每年还款元由题意得印赤艮而斫以答他每年还款为元这年中一共还了元多还了元答这年中他多还了元</text>
51,<text>平面问量的概念鎏匚三看两个例子卜一辆在公路上行驶的汽车看作一个质点在五程中受到的力有牵引力阻力重力弹力北把一个足球由点沿北偏东方向踢到相处我们可以用有向线段涵表示足球的位移卜上辽我都是既有大小又有方向的量它们都是向量以以为终点的向量记作荏图读作向量卜三章始点一定要写在终点的前面会年了用上面的符号表示外通常在印刷时用黑体小和了如手写时可写成带箭头的小写字母如了口或靠的大小叫做向量的模记作或苣向量荏与的壁簟耳方向相同那么这两做相等的向量记作南而如图中所示一一若将赢在平面上平移则经过平移后得到的向量咚三量赢与团的蝴等且如相反那么我们把荏二负向或把团叫做旗的负向量也就是说一互为负向量记作就竞定模为零的向量叫做零向量记作手写时可二一三的方向是不确定的可以是任意方向例如图在平行四边形中已知分别为的中点分别写出与向量超版相等的向量前靠的负向量解如果向量幅和的方向相同或方向相反那么这两个向量叫做平行向量记作息如果向量检的起点与终点不重合那么向量版叫做非零向量如果两个非零向量平行那么这两个向量所在的直线平行或重合又称这两个向量共线注意零向量是根据需要确定其方向的可以看作与任意向量平行例如图已知正六边形为正六边形的中心分别找巧与向量标平行的向量晏平平行的向量有课堂练习在下列各种量中请指出哪些是标量哪些是向量密度温度湿度风速比热功重力加速度电场强度各举两个标量与向量的例子下列各命题中正确命题的个数是向量包含起点和大小两个要素若则或若向量超与团平行且不重合则四边形是平行四边形若则如图在中分别是的中点写出与向量琼肉分别相等的向量写出向量芾南的负向量写出与向量方病分别平行的向量</text>
52,<text>向量的加法匚两种情况讨论二二平行的向量与向量的加法多都有过坐船摆渡的经历图但你知道吗式过程中船还受到水流速度的影响所以船的速度港海作用下的实际航行速度是不同的这生活情境的数学模型就是向量的加法运算把摆渡船看作质点翁为水流速度而为建雯此时船在水流的场下朝航行速度为前即般隹如图所示如果有两个互不平行的向量三门都是以点为起点那么我们可以先作考后作出以示点为邻边的平行四边形此二二的对角线所表示的向量反叫做向量与向记作即和的运算叫做向量的加法这种求两个向量方法叫做向量加法的平行四边形法则图安冬中我们也可以把进行平移使的整向量就的终点根据向量相等町里念可力瓦更向戮法的平行四边形法则可知即反京公图上述求两个向量和军亍法叫做向量加法的三角形法则如图已知两个非零向量试作出向三如图在平面上取点以为起点作图中的向量的得到可理解为平移向量使与首尾相连接以为起点为终点的向量即为一按平行四边形法则求两个向量的和时需要先将两个向量的始点平移至同一点按三角形法则求两个向量的和时需要先将两个向量的首和尾平移至相接图图这个角度可用计算器计算以充方为邻边作平行四边形那么解法如图在平面上取点以为起点作质以为起点作那么相互平行的向量与向量的加法当与匕方向相同时在平面上取点吧为起点作质再以为起点作翁那么如图所示当与方方向相反时同样可作出有如图所示从上面我们得到对任意向量有以下两个等式向量的加法满足交换律和结合律交换律结合律例一辆汽车向东行驶了千米然后向北行驶了千米求这辆汽车离出发地多远及它的位置方向角度精确到解如图所示作向量则作向量则由三角形法则得一的所以答这辆汽车离出发地千米所处位置为北偏东</text>
53,<text>的减法三用加法的逆运算定义三向量的和为向量即十力则向量三二量的差记作运算叫做向量的减法有情况讨论二句量与向量的减法三定义量与向量的起点都放在点一三二天向量可得由向量的减法三以向量是向量与向量的差向量二二二二做向量与向量的差记作瓦图雯已知两个非零向量求作向向量与的差向量可理解为与在同一起点连接两向量的终点的一个向量向量的终点指向被减向量的终点即第章平面向用与矩阵图量一瓦解如图以为起点作方于是可得所求作的向量以一瓦相互平行的向量与向量的减法当与方向相同时把平面上取点为起点作质再以为起点作那么如图所示图图当与方向相反时避平面上取点吧为起点作再以为起点作范那么如图所示例如图已知是三个非零向量求作向量解如图以为起点作冰于是可得所求作的向量示一瓦丁图图如图以为起点作显于是可得所求作的向量课堂练习在人台中标一女二求下列向量的差如图已知三个互不平行的向量分别作出</text>
54,<text>实数与向量的乘积三图中两个方向相同且模相等的非零向量相喔需向量加法的定义得是一个向量它的方向与相同它的模是向量的模的倍同样如果个非量相加可得到依次类推如果个非零向量相工幺它们的和为海仍是一个向量一般地实数与非零向量的乘积记作的模与方向规定如下当相时祇与的方向相同与时与的方向相反当时三时当时与向五为负向量专利规定任意实数与零向量的乘积为零向量即加求实数与向量乘积的运算叫做向量的数乘运算如图已知向量求作向量运如图在平面上任取一点作示也连接则图在平面上任取一点作示赤瓦则据实数与向量的乘积的概念如果两个非零向量与二互平行那么存在唯一的非零实数使反之亦然习量的数乘运算满足以下的运算法则设则第章乎面向量与矩阵例计算加匕解一加这是求单位向量的公式想一想与反向的单位向量怎样求与平行的单位向量怎样求图我们把模为的向量叫做单位向量对于任意的非零向量明与同方向的单位向量叫做向量的单位向量记作由实数与向量的乘积可知即例如图分别求的单位向量解向量次的单位向量为向量的单位向量为课堂练习如图已知向量求作下列各向量如图已知两个非零向量作出向量和</text>
55,<text>量的坐标表示及其运算在平面直角坐标系中以原点为始点以点为终点的向叫做位置向量图方向与轴和轴止方向相同计单位向量叫做基本单位向量分别记为和上如果点标为包它在轴上的射影为竺在净上的射上由向量加法内芭则可曰乎而再由向实效的乘积意义可过甲苏力所以有序实数对叫做向量的坐标记作榜洌写出平面直角坐标系中下列各点的位置向量解点的位置暨点的位置向量西一九点的位置向量区根据向量相等的定义平面直角坐标系中任何向量都有赠并与它相等的位置向量与之对应如图中在平面直角坐标系中设点小则加图中的向量如坐标来表示呢由向量的减法当一力一息一想一想两点确定的向量的坐标与起点终点的坐标有怎样的关系即尸力一向量的模可由两点间的距离公式得力丁一例在平面直角坐标系中已知点的坐标分别为求向量拓和谈的坐标及丽的模解有了向量的坐标后向量的运算可转化为向量的坐标运算设则因为所以如图所示的坐标是十即川类似地可得若则例已知向量求向量和的坐标解一药如图点的坐标分别为之点是线段的中点即因为尸一之所以为这里用向量的方法推导线段的中点坐标公式所以点的坐标为了解得由此可知线段的中点的坐标为丁例在平面直角坐标系中已知三角形的三个顶点上一边的中点为求向量而的至标及痛的模解设的中点的坐标为则产二丁二户工工名还有其他解法求顶点的坐标吗所以信所以一课堂练习写出并作出在平面直角坐标系中下列各点的位置向量在平面直角坐标系中已知两点的坐标写出它们的位置向量出质并求向已知向量求向量和向量瓦在平面直角坐标系中已知的顶点分别为的中点求的坐标求向量戏求麻此处解法与解二元一次方程组的加减消元法类似若则可记为力更方便记忆例在平面直角坐标系中已知点的坐标分别为一求而的单位向量所解所以丽信得例已知向量求向量匕的坐标用牛由一得所以代人得所以设为非零向量且根据实数与向量的乘积的概念两个非零向量与方平行必有唯一的数使得即徵相于是得两式相乘得所以叫这就是说为非零向量若则宴反之亦然例已知向量与平行求实数的值解因为匕所以徵即加解得相徵课堂练习在平面直角坐标系中已知点的坐标分别为求闲的单位向量在平面直角坐标系中已知点的坐标分别为且满足公荏求点的坐标以及反已知向量匕一求向量工的坐标已知向量凌决且求实数笈的值</text>
56,<text>向量的应用向量在数学力学以及生活中有着广泛的应用例已知向量表示由小明家向正北千米的学发向量表示由小明家向正东千米的图书馆若向量表示小明家到街心公园的方向和距则小明家离街心公园多少千米游泳馆恰好在学校与图书馆的中间用向量匕来表示游泳馆相对于小明家的位置小明家离游泳馆约多少千精确到千米解如图以小明家为原点东西方向为南北方向为轴建立平面直角坐标系则所以答小明家离街心公园为千米因为巨充一克一所以答游泳馆的位置为小明家离游泳馆千米例如图单位米河宽米的河边处停靠一嗖小船水流速度的大小为米分现要驾驶小船分钟到达正对岸处其他因素忽略不计小船应怎样航行精确到米分从问题的情境中可以分析出这是一个向量的数学模型在以后的学习生活中还会碰到类似的问题河水流解如图以为原点所在直线为轴建立平面直角坐标系设水流速度为米分小船的速度为米分在水流影响下小船的实际航行速度为米分则由河宽米驾驶时间为分钟得图因为所以所以答小船应以米分的速度向河对岸且与水流速度的夹角为的方向航行课堂练习某中职生足球联谊赛中向量表示由小明向正北方向米处的对方球员向量表示由小明向正东方向米处的对方球员假设向量表示小明离球门的方向和距离若小明此时射门则他必须踢出多远假设小明自己的前锋队友在球门与对方球员的中间用向量与向量表示前锋队友的方向和距离若小明此时传球给队友则他必须踢出多远精确到米在平面直角坐标系中若三点在一条直线上求实数的值</text>
57,<text>一矩阵何谓矩阵我们从配货中心的配货说起表是某电配货组准备送往五家超市的品种和数量单位台如果多次按表中提供的数量送货时间长了对超市及品种如指掌那么只需写成下面的数表形式即可知道表中每个数字的含义又如表是某职业学校三位学生的数学成绩表我们可将三位学生成绩用数表形式表示为数表叫做矩阵表中数据横向叫做矩阵的行纵向匚做矩阵的列数表叫做行列矩阵数表叫做行司矩阵从以上两个例子我们可以得出由行列构成的根数九排成的利行列的数表这个表提供了送货地点品种及数量的重要信息简洁明了二元一次方程组的未知数系数可以构成一个行列的矩阵未知数的系数与常数一起可以构成一个行列的矩阵第章平面向最与矩阵一怦称为矩阵第行第列上的元素向量与矩阵在形式上怎样区分例如比矩阵都是零叫做加行列矩阵卬叫做矩阵的元素矩阵通常用大写字母表示例如或简写为其中</text>
58,<text>二几种常见的特殊矩阵当帆时矩阵只有一行矩阵叫做行矩阵当时矩阵只有一列矩阵叫做列矩阵当时矩阵的行数与列数相等这时矩阵叫做方阵所有的元素都是零的矩阵称为零矩阵记作例某企业第一季度四类商品的销售额表所示单位万元试用矩阵表示上述销售额解表中的销售额是行列组成的一个矩阵行表示第个月商品的销售额列表示第类商品第个月的销额则上表中的销售额可表示为一个行列的矩阵</text>
59,<text>三矩阵的相等如果两个加行列的矩阵和的对应兀素都分别相等即炉刖那么就称这两个矩阵相等例已知矩阵且求实数的值解根据矩阵相等的定义可得方程组阶如课堂练习某小组有位学生编号为牝曲曲按顺序试写出种不同排列的行列的方阵说出矩阵是几行几列的矩阵某西饼屋去年统计蛋糕面包曲奇饼在四个季度的销售情况如下表所示单位万元度产品第一季度第二季度第三季度第四季度蛋糕面包曲奇饼第第售试用矩阵表示上述销售额已知矩阵且求实数的值第章平匍向量与矩阵语文改治数学物理英语化学图语文政治数学物理英语化学图一定要相对应的位置是同种书方可相加不是同种书是不能相加的一二只有当两个矩阵的行数和列数都分别相等时才能作加法运算</text>
60,<text>一矩阵的加法例某学校的学生与教师用书由新华书店分两次供货第一次送数学语文英语政治物理化学种书放在学校书库的一个书架上如图所示第二次送同样的种书放在另一个书架上如图所示试用矩阵计算出两次进书在书架各相应位置的书白总数解两个书架上的书表示为矩阵与那么由运算结果可得书架上各种书的总数了矩阵的加法可以按照如下规定法则进行两个行列的矩阵与相加它们的和为显然两个相行列的矩阵相加得到的和仍是一个能列的矩阵容易验证矩阵的加法运算满足以下规律交换律结合律例已知卜且求实数的值解由得由矩阵相等的定义得方程组解得两个什么样的矩阵方可相加矩阵的加法满足哪些运算律已知矩阵劣已知矩阵求且求实数的值</text>
61,<text>在应用题中矩阵和虽然都是桃行列但当它们的对应元素的意义不同时仍不能相加或相减我们将原有各种文具的数量减去售出的数量得到的结果就是所存的各种文具的数量可以用矩阵的减法来求得矩阵的减法可以按照如下规定法则进行两个行列的矩阵与相减它们的差为显然两个相行列的矩阵相减得到的差仍是一个利行列的矩阵例已知矩阵人求解都是行列的矩阵则由矩阵减法的法则得一二例已知矩阵建且求实数的值即解由已知条件得由矩阵相等的定义得方程组一解得课堂练习宵瞅说出两个矩阵相加相减的条件根据现实生活构造一个行列的矩阵相减的问题已知矩阵求已知矩阵劣工所厅且求实数的值</text>
62,<text>三数与矩阵相乘例牛奶公司每天向甲乙两家超市供应三个品种的牛奶具体如表单位盒所示表数销地甲乙鲜牛奶常温牛奶酸牛奶牛奶公司天共向甲乙两家超市供货多少解用矩阵表示上表为供货天即个矩阵相加也即乘以矩阵得由结果就可知牛奶公司向甲乙两家超市供货的总数了数与矩阵相乘可以按照如下法则进行一个数女与一个相行列矩阵相乘等于乘以矩阵中的每一个元素它们的乘积仍为一个行九列的矩阵即并且规定设旬九都是徵行列的矩阵上是任意常数那么数与矩阵相乘有下列运算规律分配律七结合律例已知矩阵求解例某厂供应科发放甲乙丙丁四种钢材给部门一二这三个部门去年上半年与下半年的供应数量单位吨如表用矩阵表示并计算各部门下半年比上半年多供应的用矩阵表示并计算全年平均每月各部门的钢材供解各部门下半年比上半年多供应的钢材数量可用表示全年平均每月各部门的钢材供应量为第章平面向量与矩阵课堂练习某机床月份生产的各种产品台数如右表所示月份生产各种产品的台数是月份的倍求月份各种产品的台数某职业学校的位学生的期中期末考试成绩如下表所示单位分用矩阵表示这位学生的期中期末考试的各科成绩用矩阵表示这位学生期末考试比期中考试各科进步的成绩用矩阵计算这位学生期中考试期末考试各科的平均成绩探究与实践用技术手段进行有关向量矩阵的运算有许多计算机软件可以用来进行有关向量矩阵的运算以下我们借助其中的一种免费数学学习软件来作图如图在工具栏中选择计算机面板在左侧便会出现计算机面板的相应内容例如已知向量求及我们可以首先在输入栏输入请注意此处用符号二而非符号其次点击左侧计算机面板中的存储键在输入栏中便会出现输入字母再点击右下角的输入键便将存储为用同种方法可将存储为图如果计算可以在输入栏输入点去右下角的输入键便可得出结果如图所示图如果求的模可以在输入栏输入点击右下角的输入键便可得出结果如图所示</text>
63,<text>一复数从有理数扩展到实数后最简单的一元二次方程仍然无解因为没有一个实数的平方等于一正是由于解方程的需要实数集必须进一步扩展人们又引入了一个新数叫做虚数单位并规定与实数在一起可按照通常的四则运算进行计算与实数相乘得历规定再与实数相加得规定历历我们把形如的数叫做复数当时这个复数是就是实数当时这个复数叫做虚数当且时这个复数又叫做纯虚数复数集是由实数集与虚数集合并而成的复数集用字母表示实数集是复数集的真子集即复数通常用字母表示即其中叫做实部记作叫做虚部记作例指出下列复数的实部和虚部并判断它们是实数还是虚数如果是虚数是否为纯虚数四之解的实部虚部它是虚数但不是纯虚数次的实部四虚部它是实数它的实部虚部它是实数例当耀为何实数时复数别是实数纯虚数零解若为实数则虚部等于零即机一得若为纯虚数则实部等于零且虚部不等于零即二工解得加或祖所以户若为零则实部与虚部同时为零即或根所以如果两个复数和笈小的实部与虚部分期相等即且扇那么这两个复数相等如果两个复数都是实数那么这两个复数能比较大小如要两个复数不都是实数那么这两个复数只有相等或不相等灵种关系而不能比较大小例如但与之间不能比较大小例已知且工区求的值解由复数相等的定义得方程组一二解得课堂练习下列结论是否正确为什么复数的实部是实数虚部是虚数的实部与虚部是相等的实部为零的复数是纯虚数的实部与虚部的积是若工则指出下列复数中哪些是实数哪些是虚数哪些是纯虚数一遮求当为何实数时复数加一相加分别是实数虚数纯虚数零求满足下列各式的实数的值</text>
64,<text>二复数的有关概念复平面复数历如何在平面直角坐标系中表示呢我们知道以前所学的平面直角坐标系的横轴和纵轴的点表示的都是实数平面直角坐标系的点是实数对为了表示复数从可规定支轴横轴为实轴轴纵轴为虚轴这样建立的直角坐标平面叫做复平面表示实数的点都在实轴上表示纯虚数的点都在虚轴上原点表示实数复数可以用复平面上的点来表示如图所示的实部与虚部对应于复平面上的点反过来复平面上的点对应于复数因此复数与点建立了对应关系图例如复数一在复平面上表示的点分别为共一复数观察复数与可以发现它们的实部相等而虚部是互为相反数这样的两个复数叫做互为共聊复数一般地复数的共舸复数记作一机在复平面上当时与一历的对应点关于实轴对称当时即实数的共扼复数仍是它自身例在复平面内表示下列各复数解各复数在复平面内的表示如图所示例已知复数一求实数的值解由共扼复数的概念得方程组解得复数的向量表示法设复数在复平面上对应的点吧连接把以为起点为终点的向量记作成向量应是由点唯一确定的反之点也是由向量唯一确定的这就是说向量与复平面上的点是一一对应的因此复数与复平面上以原点为起点点为终点的向量也是一一对应的所以复数也能用向量来表示如图所示以上表明复数点与向量应具有一一对应关系可表示为复数点向量复数的模复数所对应的点到坐标原点的距离叫做的模记作由模的定义得历当时由此可见实数的绝对值是复数的模的特例虽然两个复数不全是实数时不能比较大小但由于它们的模是非负实数因此复数的模是可以比较大小的当时由可知由共扼复数的定义可知历的共舸复数于是所以即两个共丽复数的模相等例在复平面上用向量表示下列复数解如图所示复数分别用向量示方反而表示例在复平面上已知向量彳朝二一求向量赢对应的复数解由位置向量的概念得所以蕊一所以向量谶对应的复数为例已知复数之试比较的模的大小解根据模的定义得所以课堂练习已知复数在复平面上作出这些复数表示的点并作出它们的共朝复数表示的点在复平面上作出这些复数表示的向量求这些复数的模已知卫复数在复平面上所对应的点在第二象限求实数的取值范围已知复数是一一的共舸复数求实数的值若复数与分别对应向量万与丽求向量幅对应的复数已知复数用一西痣口之畲一而二判断这四个复数在复平面上所对应的点是否在同一个圆上</text>
65,<text>一复数的加法与减法复数的加法复数的加法按如下法则进行设复数历则这两个复数的和这说明两个复数的和仍为一个复数它的实部是原来两个复数的实部的和而它的虚部则是原来两个复数的虚部的和容易验证两个共舸复数的和是实数复数的加法满足交换律与结合律即对任意的复数口白有之之复数加法的几何意义可借曾复数的向量表示法来阐明设复数十历对应向量复数对应向量根据向量加法的定义可知对应向量即两个复数的和对应两个向量的和必次图例计算下列两个复数的和一一出历解第章数系的扩展例已知复数求和解如例已知复数满足求复数解设复数代入得即由复数相等的定义得解得山所以课堂练习判断下列说法是否正确正确的在括号内填错误的在括号内填义两个虚数的和必定是虚数两个共舸的纯虚数的和所对应的点在复平面的虚轴上两个共舸复数的和是实数计算下列各式浜一夕已知复数且求实数的值已知复数满足求复数复数的减法复数的减法是加法的逆运算已知如何求设贝根据加法的法则得由复数理等的定义得一听以这说明两个复数的差仍为一个复数它的实部是原来两个复数实部的差它的虚部是原来两个复数虚部的差容易验证两个共舸虚数的差是纯虚数复数减法的几何意义也可借助于复数的向量殛法耳设复数分别对应于向量际际则两个复数的差一对应于两个向量的差历酝一际图两复数与物差的模一物在复平面上表示对应点力与之间的距离即等于向量的模例计算解一一一一例求复数与在复平面上所对应的两点之间的距离解求复数与复数所对应的两点之间的距离即为计算例已知向量求向量公对应的复数及其模解由向量的减包岁一所以向量对应的复数课堂练习计算下列各式米求下列各组复数所对应的两点之间的距离已知复数对应向量际对应向量砺求与万对应的复数并求的模</text>
66,<text>二复数的乘法与除法复数的乘法由复数的乘法按如下法则进行设则所以由上可知两个复数的积仍为一个复数复数的乘法上项式的乘法相类似只是在运算中要将换成一并且后的结果写成复数的代数形式容易验证复数的乘法满足交换律结合律及分配律对于任何复数有互为共轲复数的两个复数之积是一个实数例计算下列各式对解例下列结论中错误的是为什么互为共辄复数的两个复数之积是一个实数与有何关系解设则因为所以历结论正确因为所以结论正确所以结论错误因为所以结论正确故选例设为复数验证解设十则反两个复数积的模等于它们的模的积当两个复数相等时反巴与多士把最律即所以课堂练习计算计算下列各式怖已知复数求一的值已知复数求的值已知复数求复数复数的除法按如下法则进行设且之除以之先把它们的商写成分式的形式然后把分子分母都乘以分母的共舸复数并把结果化简即复数的除法实际是把分母实数化再把分式化成复数的代数形式不能只写到第二步切记复数的除法结果是一个复数十西常因为即不同时为零于是力所以两个复数相除所得的商仍是一个复数复数的除法类似于分式中的分母有理化两个复数具有性质类似地有卜例计算下列各式初小解们愎例若复数满足则等于故选例计算下列各式解雪解一在复数的计算中经常被用到两今底课堂练习一鼠计算下列各式计算下列各式商计算已知实数满足三向磊焉求实数的值乙已知复数满足求复数的共舸复数</text>
67,<text>实系数一元二次方程的解在初中里要你解下列一元二次方程你是这样回答的对方程因为实数的平方不可能是负数所以此方实数解而对于方程则因为判别式一所以此方程在实数范围内无解学习了复数以后情况就了当时一元二次方程也可以解了对方程对于方程般地对于实系数一元二次方程且当一时方程有两个不相等的实数根一遍彳当一时方程有两个相等的实数根当一加时方程有两个不相等的虚数根五由于与孙的实部相等虚部互为相反数因此工与是一对共轲复数它们同样满足一元二次方程中根与系数后系即例解下列一元二次方程解储解得方程无就解得山产实系数的二次三项式所对应的方程是在复数集中总有两个解孙例已知是方程晒的一曲所以仄就在根求这个方程复数集中总可以分解成两解因为方程砒有一个虚根个一次因式的乘积即也有另一个虚根根据根与系数的关系得曰待由此可得因此所求的方程是课堂练习试写出一个有共舸复数根的实系数一元二次方程解下列一元二次方程已知是方程十研的一个根求方程的另一个根及实数的值与工数的关探究与实践用技术手段解实系数一元二次方程对于系数比较复杂的实系数一元二次方程我们可以借助技术手段来求解有许多计算机软件可以用来解实系数一元二次方程以下我们借助其中的一种免费数学学习软件来求解例如求实系数一元二次方程的解图如图首先将数域设置为复数其次选择左侧工作表选项卡在下方输入栏中输入该实系数一元二次方程及求解命令并点击输入钮上方工作表区域就会出现此方程的解如图所示如果选择使用二次公式的求解步骤左侧的二钮那么按公式法求实系数一元二次方程的解的步骤将呈现在解题框中且叁题步骤非常详尽如图所示图如果选择配方法的求解步骤左侧的按钮那么按配方法求实系数一元二次方程的解的步骤将呈现在解题框中且衽题步骤非常详尽如图所示图我们除了可以借助此软件求解实系数一元二次方程还可以借助此软件进行复数的相关运算在进行复数计算前需要将数域设置为复数例如关于复数的运算可以分别通过输入命令求的实部通过输入命令求的虚部通过输入命令求的共朝复数通过输入历求的模等等</text>
68,<text>一多面体在日常生活中你看到的很多建筑物包装盒等它们的外表大都是由若干个平面多边形围成的像这样由若干个平面多边形所围成的封闭几何体叫做多面体如图围成多面体的各个平面多边形叫做多面体的面如面相邻的两个面的公共边叫做多面体的棱加棱棱与棱的公共点叫做多面体的顶点如顶点连接不在同一个面上的两个顶点的线段叫做多面体的对角线如对角线棱柱商业大厦图巧克力包装盒图图图分别是商业大厦和巧克力包装盒它们的数学模型是棱柱如图图观察它们的直观图你会发现它们都有两个互相平行的面并且不在这两个平面上的棱都互相平行一般地我们把有两个全等的多边形的面互相平行且不在这两个面上的棱都互相平行的多面体叫做棱柱棱柱的这两个互相平行的面叫做棱柱的底面其余各面叫做棱柱的侧面两侧面的公共边叫做棱柱的侧棱图中面是底面面是侧面线段是侧棱侧棱与底面垂直的棱柱叫做直棱柱底面是正多边形的直棱柱叫做正棱柱棱柱常以其底面的边数来命名如三棱柱四棱柱五棱柱等等棱柱可用表示两底面的对应顶点的字母来表示例如图的四棱柱可表示为棱柱图中的三个正棱柱的底面分别是正三角形正方形正六边形它们分别是正三棱柱正四棱柱正六棱柱正三棱柱正四棱柱正六棱柱图正棱柱的主要几何特征上底面下底面是全等的正多边形正棱柱的侧棱的长都相等正棱柱的侧面都是全等的矩形如图中上底面与下底面的中心分别是则多段的长度称为正棱柱的高显然正棱柱的高与侧棱白长都相等棱锥礼盒图六角亭图图中是常见的礼盒和六角亭的顶它们的数学模型是棱锥如图图观察它们的简图你会发现它们都有一个多边形的面并且其余各面都是有一个公共顶点的三角形一般地我们把有一个多边形的面且其余各面都是有一个公共顶点的三角形的多面体叫做棱锥这个多边形叫做棱锥的底面有公共顶点的各三角形叫做棱锥的侧面各侧面的公共点叫做棱锥的顶点相邻两侧面的公共边叫做棱锥的侧棱图中面是底面面是侧面点是顶点线段是侧棱如果棱锥的底面是正多边形且它的顶点在过底面中心且与底面垂直的直线上那么这个棱锥叫做正棱锥棱锥常以其底面的边数来命名如三棱锥四棱锥五棱锥等等棱锥可用表示顶点和底面各顶点的字母来表示例如图的棱锥可表示为棱锥图图图中的三个棱锥的底面分别是正三角形正方形正五边形且顶点在过底面中心且与底面垂直的直线上因此这三个棱锥分别为正三棱锥正四棱锥正五棱锥容易验证正棱锥各侧面都是全等的等腰三角形这些等腰三角形底边上的高都相等这些等腰三角形底边上的高叫做棱锥的斜高图中线段的长是斜高正棱锥的主要几何特征正棱锥的侧棱的长都相等正棱锥的侧面都是全等的等腰三角形如图顶点与底面中心的连线的长叫做正棱锥的高填空正棱柱的上下底面是全等的侧棱都侧面都是全算一算上面表格中的顶点数面数一棱数根据棱锥的几何特征完成下表底面如匕底底面边长个全等的等腰三角形长方体正方体是直四棱柱还是正四棱柱为什么从日常生活中找出数学模型是棱柱棱锥形状的物体</text>
69,<text>二旋转体想一想图中的三个旋转体分别是绕着哪条定直线旋转的平面上一条封闭曲线所围成的区域绕着它所在平面上的一条定直线旋转而成的封闭几何体叫做旋转体该定直线叫做旋转体的轴图中的几个几何体都属于旋转体一如图所示为虹桥机场的立柱和酒店的旋转它们的数学模型是圆柱如图如图所示矩形的一边所在的直线为旋转轴将矩形旋转一周而形成曲面所围成的几何体叫做圆柱旋转轴叫做圆柱的轴矩形平行于轴的边叫做圆柱的母线母线旋转而成的曲面叫做柱的侧面矩形中的其他两边和旋转而成的两个互相平行且相等的圆面叫做圆柱的底面两个底面之间的距离叫做圆心的高图中直线是轴是母线线段的长是高圆柱的主要几何特征圆柱的上底面下底面是全等的圆圆柱的高与母线的长相等圆锥如图所示为别墅顶部的造型和卷筒冰淇淋外型它们的数学模型是圆锥如图手上底面恻町卜旋转轴广东底面图如图所示以直角三角形的一条直角边所在的直线为旋转轴将直角三角形旋转一周而形成的曲面所围成的封闭工何体叫做圆锥旋转轴叫做圆锥的轴斜边叫做圆锥的母线由另一条直角边旋转而成的圆面叫做圆锥的底面由母线旋转而成的曲面叫做圆锥的侧面从顶点到底面的距离叫做圆锥的套在图中直线是轴是母线线段的长是高圆锥的主要几何特征圆锥的底面是圆圆锥的各条母线相等球如图所示为徐家汇美罗城外形和比利时原子塔造型它们的数学模型是球如图图如图以半圆直径作为轴将半圆旋转一周而形成的曲面所围成的几何体叫做球在球中半圆直径的中点叫做球心连接球心和球面上任一点的线段叫做球的半径连接球面上两点且经过球心的线段叫做球的直径在同一球中半径都相等在图中为球心为球的半径为球的直径一个球用表示它的球心的字母来表示如球</text>
70,<text>三简单的组合体在现实世界中诸多物体往往是简单的组合体如图至图中的物体球和圆柱的组合圆柱和圆锥的组合图图棱柱与棱锥的组合圆柱与棱柱的组合图分别写出下列多面体的名称第题下列说法中不正确的是圆锥和圆柱的底面都是圆棱锥底面边数和侧棱数相等连接球心和球面上任一点所组成的线段都相等长方体就是正四棱柱如图圆钢呈现圆柱形铅锤呈现圆锥形试说明这些几何体分别是由什么平面图形旋转而成的第题试在日常生活中找出多面体和旋转体的实例</text>
71,<text>一斜二测画法水平放置的平面图形的直观图具体画法如下选择平面图形的某一线段作为水平方向的线段画成水平位置线段的长度为真实长度垂直于水平线段的线段画成与该水平线段成或角的倾斜线段并且长度为真实长度的一半例用斜二测画法画如图所示的边长分别为的矩形的直观图解画法步骤如下如图在水平位置的平面上画水平线段过点作且使过点作且使连接因此所要画的矩形的直观图如图所示图例用斜二测画法画如图所示的边长为的等边三角形的直观图解画法步骤如下如图第章空间几何体选择作为水平方向的线段过点作垂足为如图如图在水平位置的平面内画水平线段如图在上取中点过点作直线与成取连接因此所要画的等边三角形的直观图如图所示图课堂练习用斜二测画法画水平放置的平面图形直观图的基本步骤是什么根据所给视图的真实尺寸用斜二测画法画它们的直观图第题空间几何体的直观图前面学习了画水平放置的平面图形的直观图的画法实际上就是画空间图形底面直观图的画法而当画空间图形中铅垂位置的线段时都仍应画成铅垂位置且长度为真实长度这样你就可以画出空间几何体的直观图了必须注意被遮住的轮廓线画成虚线或不画例画出长宽高分别为的长方体的直观图解画法步骤如下如图先画水平位置的长为宽为的长方形的如果将长宽高均改为试一试画出相应的长方体的直观图第章空间几何体底面如图过向上分别作的垂线并分别截取如图连接入幺把被平面遮住的部分改为虚线并将轮廓线画成粗实线因此所要画的长方体的直到图如图所示利用斜二测画法画空间图形要记住眼见为实遮为虚空间直观要图例画出底面边长为高为的正四棱锥的直观图解画法步骤如下如图先画水平位置的边长为的正方形的底面如图再过底面中心作的垂线并截取如图连接打将被平面遮住的部分改为虚线并将轮廓线画成粗实线因此所要画的正四棱锥的直观图如图所示图课堂练习画出底面边长为高为的正三棱柱的直观图画出底面边长为高为的正三棱锥的直观图</text>
72,<text>二三视图在太阳光照射下墙上会有窗户的影子地上会有小树的影子如图所示当阳光照射物体时地面或墙面上就会留下物体的影子在数学上把这种现象叫做投影把平行的光线叫做投影线电面或墙面叫做投影面如果投影线垂直于投影面这时物势的投影叫做平行正投影在本书中简称投影正投影的基本特征真实性物体上的面或线段与投影面平行时它的殳影反映实形或实长积聚性物体上的面或线段与投影面垂直时它的投影积聚为一线段或一点收缩性物体上的面或线段与投影面倾斜时它的我影缩小或缩短真实性积聚性收缩性图例如图把一块正方形硬纸板放在三个不同的位置纸板平行于投影面纸板倾斜于投影面纸板垂直于投影面三种情况的正投影与原纸板的形状相比有何变化解三种情况的正投影如图所示用能表视图中的左视曼图之投影线正投影的作法图一图正投影与原纸板的形状相比没有变化正投影与原纸板的形状相比缩小正投影与原纸板的形状相比变成线段在生产实际中又把物体的正投影叫做物体的视图如羽所示投影面上的投影是从前往后看所得到的视图由于一个视图往往不能确定物体的空间形状因此要增加从可同投影方向投影得到不同方向的视图三视图一般能反映把体的真实形状而且能说明各视图之间的对应关系及投影一律所以应用非常广泛三视图的形成视图数量不一定相同对于形状简单的物体有时只需两个视图甚至一个视图就够了三投影面体系三视图的形成耕至主视图也叫做正视图左视图也叫做侧视图图如图从物体正前方看过去画得的图形叫做主目图它准确地反映了物体正面的形状和物体的长与高从物工的上面往下看画得的图形叫做俯视图它准确地反映了物以的顶面和物体的长与宽从物体左面往右面看画得的图形做左视图它准确地反映了物体的左侧面的形状和物体的和宽主视图俯视图左视图统称为三视图绘制三视图时其位置有如下规定主视图上边画俯视图下边画左视图右边画三图位置不变化三视图的投影规律图为长方体的三视图主视图能表示长和高俯闺图能表示长和宽左视图能表示高和宽而主视图中的长和俯视图中的长是相同的俯视图中的宽和左视图中的宽是相同的左视图中的高和主视图中的高也是相同的这揭示了三个视图之间一个重要规律主俯视图长对正主左视图高平齐俯左视图宽相等这个规律是画物体三视图的重要依据例画出如图所示物体的三视图解确定三视图的投影方向如图上下长后前前一宽高画三视图要诀长对正宽相等高平齐图如图画主视图主视图上反映平面的实形如图画俯视图俯视图上反映斜面和平面且长对正如图画左视图左视图上反映平面和斜面且高平齐和宽相等课堂练习填空在主视图上能看到物体的长和高在俯视图上能看到物体的和在左视图上能看到物体的和看图填空图中单位一个长方体的三视图如图所示这个长方体的长是它的宽是它的高是第题第题如图根据所给物体的立体图试画出它的三视图第章空间几何体基本几何体的三视图下面将基本几何体按旋转体和多面体分别讨论它们的三视图多面体的三视图例画出正三棱柱的三视图解如图所示画正三棱柱的主视图它是一个长方形画正三棱柱的俯视图它是一个等边三角形画正三棱柱的左视图它是一个长方形若图中的正三棱柱如下图摆放三视图有何变化图图在视图中被挡住的轮廓线画成虚线如图中的主视图中的虚线例画出正四棱锥的三视图解如图所示画正四棱锥的主视图它是一个等腰三角形画正四棱锥的俯视图它是一个正方形画正四棱锥的左视图它是一个等腰三角形课堂练习如图是一些几何体的视图由于观察的方向不同而得到的几何体也不同试说明这些图可能是哪一种几何体的视图第题正方体的表面分别标有六个字母现放置如图所示的三种位置字母对面的字母分别为第题例画出球图的三视图解如图所示画球的主视图它是一个圆画球的俯视图它是一个圆画球的左视图它是一个圆课堂练习如果某物体的三视图如图所示那么该物体的形状是长方体圆锥体正方体圆柱体根据下列物体的三视图说出它们是由哪些基本几何体组成的工工主视图左视图俯视图第题第题画出底面直径为高为的圆柱的三视图简单组合体的三视图把基本几何体进行叠加可以形成新的几何体在生产实际中有着广泛的应用如图所示简单组合体由四棱柱和四棱锥叠加组成如同积木似的堆积起来我们可以把简单组合体的视图先分成几个部分如图所示分别想象出它们的形状然后按它们的相互位置合起来想出整个物体的形状这就是分部分想形状合起来想整体例如图所示为光明机械厂生产的一种槽钢的直观图试画出它的三视图单位解所画出的槽钢的三视图如图所示图课堂练习如图放置下列几何体的三个视图中有且仅有两个视图相同的几何体是正方体第题画出下列几何体的三视图第题中职学生小张家要买一套新住房星期天小张与父母一起去房展会搜集一些建筑面积为平方米的楼盘资料搜集到的楼盘资料可以看作什么视图如果把小张现在用的床写字台座椅音像柜放到平方米米米的新居室内请你画一张示意图探究与实践课题搭积木每人准备块一样大小的立方体积木同桌两人中间用书或报纸隔开一人用立方块搭出一个空间图形然后描述给另一人听另一人根据描述搭出图形然后看看搭得是否正确</text>
73,<text>一柱体的表面积与体积几何体的表面积又称几何体的全面积柱体的表面积计算柱体的侧面积和表面积的计算公式可以直接从它的表面展开图得到如图图所示柱体的侧面积即为其展开国的面积大小而它的表面积为侧面积与两个底面积之和正三棱柱展开图图想一想正棱柱的恻面积还可以怎样求圆柱展开图图设正棱柱的底面边长为厂为圆柱的底面半径柱体的高为底面周长为面积则棱柱侧棱柱底圆柱侧几厂人圆柱底六厂柱体表底祖瞄原理夹在两个平行平面间的两个几何体被平行于这两个平面的任何平面所截如果截得的两个截面的面积都相等那么这两个几何体的体积相等所以表侧底冗厂冗厂之答圆柱的表面积为柱体的体积计算母线长是求例已知圆柱的底面半径是圆柱的表面积结果保留兀解据题意知厂例如图已知正三棱柱的底面边长为侧棱长为求正三棱柱的侧面积和表面积解侧表底同答正三棱柱的侧面积和表面积分别为和如图设有底面积等于高等于的任意一个柱体夹在平行平面与之间用任意一个平行于平面的平面截柱体所得的截面的面积均为根据祖迪原理可知它们的体积相等图正三角形面积公式为边长我国古代著名数学家祖冲之在计算圆周率筝问题方面有光辉的成就祖冲之的儿子祖姬也在数学上有突出贡献祖睹在实践的基础上于世纪末提出了这个体积计算原理祖取提出这个原理要比其他国家的数学家早一千多年在欧洲直到世纪才由意大利数学家卡瓦列里提出上述结论由于长方体的体积等于它的底面积乘于高于是得到柱体的体积公式其中是柱体的底面积是柱体的高例块正三棱柱形铁高底面边长做这个零件需要铁多少千克结果精确到铁的密度为解据题意知人棱柱底铸铁的质量为答做这个零件约需要铸铁例如图有一堆规格相同的铁制六角螺帽的质量为已知底面是正六边形边长为内孔直径为高为这堆螺帽大约有多少个式取铁的密度为解六角螺帽的体积是六棱柱的体积与圆柱体之差即螺帽的个数为答这堆螺帽大约有个课堂练习已知正四棱柱的底面边长为侧棱长为求它的侧面积和表面积已知圆柱的侧面展开图是边长为的正方形求这个圆柱的表面积如图正四棱柱的底面边长是高为以它的两个底面中心的连线为轴钻一个半径是的圆柱形孔求剩余部分的几何体的体积大厅里有根圆柱圆柱底面直径米高米在这些圆柱的侧面涂油漆平均每平方米用油漆千克共需油漆多少千克精确到千克第题</text>
74,<text>二锥体的表面积与体积锥体的表面积计算锥体的侧面积和表面积的计算公式可以直接从它的表展开图得出棱锥表棱锥侧底否以解棱锥侧万五万九棱锥底圆锥侧式厂圆柱底厂答正三棱锥的侧面积是表面积为看例如图图中单位已知正三棱锥的底面长为斜高为求正三棱锥的侧面积和表面积图如图所示锥体的侧面积为其展开图的面积大小塞江的表面积为侧面积与底面积之和设为正棱锥的底面边长厂为圆锥的底面半径为举的斜高为母线长人为锥体的高为底面周长为餐积例已知圆锥的底面半径为高为求圆锥侧面积和表面积结果保留解由已知条件易得圆锥母线圆锥侧棱锥表棱锥侧底答圆锥的侧面积和表面积分别为和锥体的体积计算利用祖瞄原理可以得到两个底面积相等且等高的棱与的体积相等和三棱锥的体积等于它的底面积与高的乘积白三分之一证明略即梭锥底人或圆锥底锥体底例已知圆锥的底面直径为母线长为冉圆锥的体积解据题意知厂圆锥底答圆锥的体积为例图是一个铁柱铁柱顶的上部是正四棱锥部是正四棱柱已知正四棱锥的高是厘米正四棱柱的底边长是厘米高是厘米这个铁柱的质量是多少千克铁的密度为克立方厘米解据题意知厘米无极柱厘米九梭锥厘米棱锥义立方厘米棱柱义立方厘米铁柱的体积棱锥梭柱立方厘米铁柱的质量为克千克答这个铁柱的质量为千克课堂练习已知正四棱锥的底面边长为斜高为求正四棱锥的侧面积和表面积已知正六棱锥的底面边长为高为求正六棱锥的体积已知圆锥的侧面展开图是半径为的半圆求圆锥的侧面积和体积有两个空的圆锥形和圆柱形的玻璃容器它们的底面直径均为它们的高均为在圆锥形容器里注满水再把这水倒入圆柱形容器求圆柱形容器里的水深</text>
75,<text>三球的表面积与体积之方任何一个平面截一个球其截面是一个圆面若截面过球卜则得一个大圆面图生活中刀切西瓜就是一个例子地球近似地看成是一个球在宇宙飞船上所能看到的也只是卜分球面那么如何来计算球面积和体积呢球的表面积等于它的大圆的周长和直径的积或者等于三的大圆的面积的倍球的体积等于球面积和半径的积的三分之一证明略即球兀厂球球厂球仃球几厂例已知球的半径为求球的表面积解球兀兀答球的表面积为例将半径为及的两个铸铁球熔成一个球不考虑损耗求这个球的体积求这个球的半径精确到解据题意知厂球厂球由不小得短所以水解得答这个球的体积为半径约为某个西瓜开花结果时的直径是厘米而成熟后的直径是厘米这个西瓜成熟时的体积是它开花结果时体积的几倍已知地球的半径约是千米求地球的表面积求地球的体积如图一个底面半径为厘米高为厘米的圆柱形容器内装有厘米深的水将一个半径为厘米的实心铁球全部没人水中水会溢出容器吗若没有溢出则水面上升了多少厘米</text>
76,<text>一直线的倾斜角与斜率你骑自行车上坡时常会说这坡真陡你是怎样衡量坡的倾斜程度呢第一种以坡面与水平面倾斜角度大小来判定图中的角若倾斜角度越大则坡越陡第二种如图所示若你沿着坡道从点前进到点在水平方向前进距离为竖直上升的高度为第章直线方程与解方程你会发现直线斜率的绝对值即越大直线就越陡越小直线就越平则坡度流器瞪坡度越大坡越陡因此可以用直线的倾斜角或倾斜角的正切值来描述一条直线的倾斜程度直线的倾斜角在坐标平面上一条直线与轴的位置关系一般是相交的在特殊情况下可与工轴平行或重合对于一条与工轴相交的直线将工轴绕着与上轴的交点按逆时针方向旋转到与直线重合它所转过的最小的正角叫做直线的倾斜角简称倾角如图图中的角当直线与上轴平行或重合时我们规定直线的倾斜角为因此任何一条直线都有唯一确定的倾斜角它的取值范围是或直线的倾斜角可以用来表示坐标平面上的一条直线在坐标平面上的方向倾斜角也描述了直线的倾斜程度直线的斜率当直线的倾斜角时倾斜角的正切值叫做直线的斜率通常用我来表示即有当倾斜角时直线的斜率不存在此时这条直线和轴垂直直线的斜率可以刻画直线对于轴的倾斜程度倾斜角与斜率上之间的关系可以归纳整理成下表直线情况平行于工轴包括与彳轴重合向右上方倾斜垂直于轴包括与轴重合向右下方倾斜图像倾斜角的大小斜率的取值范围不存在例如图等边三角形的边在工轴上点在第一象限是边上的高分别求所在直线的倾斜角和斜率解据题意知所以直线的倾斜角为斜率礼由得直线的倾斜角为斜率所在的直线与上轴重合它的倾斜角为斜率上所在的直线与工轴垂直它的倾斜角为斜率不存在课堂练习填空如果直线的倾斜角是牛那么直线的斜率是如果直线的斜率是那么倾斜角为如图所示等边三角形的顶点在轴上顶点在第二象限求所在直线的倾斜角和斜率第题直线的斜率公式在直角坐标平面上已知两点和工那么直线是唯一确定的当它的倾斜角不等于时这条直线的斜率也是唯一确定的下面我们来研究怎样用这两点的坐标来表示直线的斜率设直线的倾斜角是斜率是图从两点分别向工轴作垂线垂足分别为工吐片再作垂足为则点的坐标是券当为锐角时小片工因为所以可以证明当为钝角时以上结论依然成立所以我们图可以得到经过尸殳两点的直线的斜率公式为人纪之乃工必须注意当耳了时直线垂直于轴倾斜角为斜率力不存在如果我们已知直线的斜率那么可以用计算器求出这条直线的倾斜角例求经过下列两点的直线的斜率和倾斜角的度数解由直线的斜率公式得即因为所以因为孙所以直线的斜率不存在倾斜角为小因为所以例某大堤分内坡和外坡其横截面规格如图所示分别求内坡外坡所在直线的斜率叼图解由题意知内坡所在直线的斜率为一外坡所在直线的斜率为心因此内坡外坡所在直线的斜率分别为</text>
77,<text>二直线的方程二元一次方程和直线的关系在初中你已经知道一次函数心我片的图像是一条直线二元一次方程在时都可以化成一次函数一一因此方程的图像也是一条直线当时方程为关可以证明它的图像仍是直线所以关于的二元一次方程不同时为零的图像是一条直线记作二元一次方程不同时为零与直线有如下关系方程卫一一的以方程的任何一组解为坐标的点图像是直线图都在直线上直线上任意一点的坐标了都是方程的一组解于是就可以利用方程与直线的这种关系通过方程去研究有关直线的各种问题例已知点在直线卫机上求此直线的方程解由题意知点的坐标是直线方程的一组解得是它的一组解直线上就有以为坐标的点反之直线上如有一点它的坐标为则数对是这个方程的解这个方程的解和这条直线上的点存在着对应关系解得因此所求的直线方程是直线的点斜式方程已知点和经过点的直线的斜率为直线的方程图设是直线上不与重合的一个动点由直线的斜率公式得为即显然直线上任意一点的坐标包括点的坐标都满这个方程反之以这个方程的解为坐标的点都在直线上所以直线的方程为这个方程是由直线上的一点和斜率所确定叫做直线点斜式方程当倾斜角时图直线的力程为一或这便是与工轴平行或重合的直线的方程当倾斜角时斜率不存在直线的方程不能用点斜式表示由于此时直线垂直于工轴故直线上每一点的横坐标都等于图它的方程为或工一工例根据下列条件求直线方程过点斜率过点点倾斜角过点倾斜角过两点的直线方程解将代人直线的点斜式方程得即因为倾斜角所以直线的斜率不存在又因为直线过点所以直线方程为即第章线方程与解方程因为倾斜角所以因此过点尸一的直线的点斜式方程为即直线的斜率将的坐标代入直线的点斜式方程得即在将点的坐标代入直线的点斜式方程时也可选用点的坐标此时直线的点斜式方程是即例等腰直角三角形的斜边在轴上顶点在轴上图且求边所在弟直线的方程解由顶点在轴上为等腰直角三角形得图设边所在直线的斜率为将的坐标代入直线的点斜式方程得即设边所在直线的斜率为将的坐标代入直线的点斜式方程得即设边所在直线的斜率为七将的坐标代入直线的点斜式方程得彳即课堂练习已知点在直线工一上求此直线的方程根据下列条件写出直线的方程经过点斜率等于经过点倾斜角为经过点垂直于工轴求经过点的直线的方程直线的斜截式方程如图所示如果一条直线与轴相交于点那么叫做直线在轴上的截距简称截距已知直线的截距是它的斜率等于求的方程因为直线的截距是所以过点由直线的点斜式方程得一一即这个方程是由直线的斜率和它的截距所确定的叫做直线的斜截式方程例已知直线的斜率是可且经过点求此直线的方程解由直线经过点知直线的截距是一代入直线的斜截式方程得即例已知直线人斜率则直线的图形可以是解因为直线的方程为所以直线的截为设直线的倾斜角为因为所以于是即倾斜角为钝角故应选课堂练习根据下列条件写出直线的斜截式方程斜率为在轴上的截距等于倾斜角等于经过点已知直线一相其中直线的大致图形可以是已知直线的倾斜角为且一耳过点求直线的斜截式方程直线的一般式方程直线的点斜式方程斜截式方程经过整理都可以化成的形式我们把方程不同时为叫做直线的一般式方程例如图已知三角形的三个顶点为边的中点求边所在直线的一般式方程求边上的中线的长解因为彳所以边所在直线的方程为即设点由线段的中点坐标公式得丁尸丁将代入两点间的距离公式得所以边上的中线的长为例已知直线一画出直线求直线的斜率倾斜角和截距</text>
78,<text>一两条直线的平行关系设人是两条不重合的直线直线五的倾斜角分为如果乙那么它们的倾斜角相等即当时即幻图当时小心的斜率都不存在图图反过来当时因为所以于是当直线的斜率都不存在时那么于是因此两条不重合直线互相平行时它们的斜率相等或斜率都不存在反之若两条直线的斜率相等或斜率都不存在则这两条直线互相平行即后或直线乙的斜率都不存在平面上两条不重合的直线只有平行与相交两种情况因此若平面上两条不重合的直线相交则它们的斜率不相等或一条直线斜率存在而另一条直线的斜率不存在反之也成立例已知与心为两条不重合的直线判定与是否平行工解直线乙与乙的斜率分别为跖一刍一即所以直线与平行直线乙与的斜率分别为七一即所以直线与心不平行例已知直线且八七求实数加的值解直线和的斜率分别为因为所以第章江线方程与方程由此得口即一例也可以用两点之间的距离公式证明即两组对边分别相等的四边形是平行四边形请试一试此题你还有其他证法吗例如图在四边形中已知判断四边形是不是平四边形并说明理由解四边形是平行四边形理由如下直线和直线的斜率分别为因为所以直线平行于直线直线和直线的斜率分别为例也可设直线的方程为用待定系数法求出你可以试一试因为一无的所以直线平行于直线所以四边形是平行四边形例求经过点且与直线行的直线八的方程解把的方程化成斜截式方程得即因为所求直线八与直线平行所以斜率相等即所以过点的直线的点斜式方程为因此所求的直线方程为填空已知两条不重合的直线与上仇若乙则若归则若直线心与直线一平行则判定下列各组中两条直线是否平行为什么直线与直线直线与直线求经过点且与直线平行的直线方程</text>
79,<text>二两条直线的垂直关系现在来研究直线与直线互相垂直的条件如果那么倾斜角不妨设如图当时因为三角形外角等于它不相邻两个内角之和所以从而得即或如图当叫时皿此时直线的斜率等于零而直线的斜率却不存在反之反口果直线自的斜率都存在且怎即灯一不妨设则上那么由倾斜角的取值范围知是锐角是钝角于是于是同样如果八的斜率为的斜率不存在那么则因此两条直线互相垂直它们的斜率乘积为一或一条直线斜率为另一条直线斜率不存在反之若两条直线斜率乘积为一或一条直线斜率为另一条直线斜率不存在则这两条直线互相垂直即七或一条直线斜率为另一条直线斜率不存在例已知直线八其中有哪几条直线是互相平行的有哪直线全不为了入口全不为请你思考小的等价条件是什么第章线方程与脚方程因为由平面几何知识也可立即判定几条直线是互相垂直的解直线的斜率跖一直线八的斜率上把直线的方程化成斜截式方程得即因为且乙与不重合所以因为七所以八因为龙所以例已知直线小小一丁且求实数利的值解直线的斜率直线的斜率七一因为所以故解得例求过点且与直线一垂直的直线的方程解把直线八的方程化成斜截式方程得即因为所以由直线过点得直线打的方程为卫即课堂练习填空是两条不重合的直线若则若跖一则若直线与直线根彳一垂直则判定下列各组中两条直线是否垂直为什么八求过点且与直线垂直的直线的方程</text>
80,<text>三两条直线的交点你已经知道两条相交直线的公共点叫做这两条直线的交点图设两条直线的方程为不同时为磔瓦不同时为如果它们相交那么交点同时在这两条直线上于是交点的坐标一定是这两个方程的公共解反之如果这两个方程只有一组公共解那么以这组解为坐标的点一定既在直线上又在直线上即是这两条直线的交点因此求两条直线的交点只要求由这两条直线的方程所组成的方程组的解例已知直线八求八与的交点的坐标并画出图像求过交点并与直线一平行的直线的方程解由方程组所以与一的交点的坐标是一如图把直线八的方程化成斜截式方程得因为直线过点且与平行所以直线的斜率由直线过点得直线的方程为即一例已知直线相交于一点求实数利的值解由方程组图</text>
81,<text>四点到直线的距离怎样求点到直线的距离呢请看下面的一个例子已知直线和点求点到直封的距离如图所示在平面直角坐标系中作直线和点过点作直线的垂线八交直线于点则就是巨尸到直线的距离因为直线的斜率归且所以的斜率乱一根据点斜式方程可得直线的方程为即于是由直线的方程和人的方程可得方程组产一解方程组得尸所以点的坐标为由两点间的距离公式得借助这一例子的思路和方法可以推导一般情况下点到直线的距离公式即若直线不同时为到点的距离为则学有余力的同学可以尝试推导此公式这个公式称为点到直线的距离公式简称点到直线的距离公式在上述例子中只需将点的坐标一代入公式即得当或时公式仍然成立可见直接运用公式求点到直线的距离方便许多例如图已知直线求点一分别到直线的距离解代人点到直线的距离公式得例已知点直线八且点到直线的距离为求实数的值解因为到直线八的距离为所以解得或例求平行直线间的距离解在直线八上任取一点如令代入得一即得点的坐标为求点到直线图丁的距离图得求两条平行直线间的距离可转化为在一条直线上任取一点求此点到另一条直线的距离设两条平行直线为不同时为则与心间的距离课堂练习填空点一到直线一的距离是点到直线的距离是已知点到直线的距离为求利的值求下列平行直线之间的距离一</text>
82,<text>一圆的方程在平面几何中你已学过有关圆的知识现在我们用解析几何的方法来研究圆圆的标准方程首先我们在平面直角坐标系中来建立圆心为半径是厂厂的圆的方程图设是圆上任意一点根据圆的定义尸到圆心的距离等于半径厂即由两点间的距离公式点尸适合的条件可表示为两边平方得反之若点的坐标满足方程逆推而上可得即点在以点为圆心以厂为半径的圆上于是方程就是圆心为半径为的圆的方程我们把这个方程叫做圆的标准方程例已知圆的方程为求圆心的坐标和圆的半径厂判定点是在圆内圆上还是圆外解因为圆的方程为日一了所以圆心的坐标为由得分别计算点到圆心的距离得痣因此点在圆外点在圆上点在圆内例根据下列条件求圆的标准方程圆心为半径为直径两个端点的坐标分别为解把代入圆的标准方程即得彳设圆的方程为力一圆心是线段的中点由线段中点坐标公式得八八因此圆心的坐标为第章线方程圈方程赵州桥建于公元年年建筑师是著名工匠李春桥长米跨径米是当前世界上建造最早的单孔敝肩石拱桥图因为层所以因此所求圆的方程为丁例如图为著称于世的赵州桥的示意图圆跨径桥孔宽为米拱高米如以为轴线段的垂直平分线为轴建立平面直角坐标系求州桥圆拱所在的圆的方程精确到米解设圆拱所在圆的半径为崂在中即厂厂解得厂米圆心的坐标为所以赵州桥圆拱所在的圆的方程为课堂练习已知圆的方程为求圆心的坐标和半径判定点是在圆内圆上还是在圆外圆心坐标为半径为的圆的方程是如图是上海朱家角漕港河上的放生桥它是由个大小各异的圆拱组成其中一个圆拱跨径为米拱为米如果以所在的直线为轴线段的垂直平分线为了轴建立平面直角坐标系求该桥洞圆拱所在圆的方程第题圆的一般式方程如果把圆的标准方程包一一展开得一厂令一一产则任何一个圆的标准方程都能化为加码尸反之把方程左边多项式按字母不和分别配方可得上配方法是数学解题中卜加十丁丁为了的常用方法即肝仅当时才表示一个圆而当时表示一个点当时不表示任何曲线因此当守一时方程叫做圆的一般式方程此时圆心的坐标是一一彳半径是权铲田二通圆的标准方程指明了圆心和半径具有鲜明的几何意义而圆的一般式方程具有以下特点与项的系数相等且不等于零不含丁项例用配方法判定下列方程的图像是否是圆如果是圆求出它的圆心和半径储解把原方程的左边配方得即这是圆的标准方程例也可以用是否大于零来判别方程的图像是否是圆并运用有关结论直接求出圆心坐标和半径不过这时你就必须记住这些结论了所以它的图像是以一为圆心以为半径的圆由原方程的左边配方得即一显然此方程无实数解所以方程的图像不是圆由原方程的左边配方得即该方程的解为方程表示的图像为点一所以方程表示的图像不是圆例求经过三点的圆的方程并求出这个圆的圆心和半径解设所求的圆的方程为一加母尸因为三点在圆上所以它们的坐标是方程的解把它们的坐标分别代入方程得关于的三元一次方程组解得因此所求的圆的方程为配方得所以圆心坐标为半径为确定一个圆必须确定圆心的位置和半径即须求得一厂或三个常数因此需要有三个独立的条件才能求得圆的方程例如图已知圆过点并与轴切于点求圆的方程和半径厂解法由圆与轴相切于点以及圆的几何性受知是半径且轴设圆心的坐标为设圆的方程为由点在圆上得解得所以因此圆的方程是解法设圆的方程为一彳七尸则心坐标为一因为一所以所以圆的方程为丁又因为点在圆上点的坐标是方程的解所因此圆的方程为一配方得圆的方程为所以圆的半径厂为课堂练习判定方程一十一的图像是否是圆若是请求出圆心坐标和圆的半径若圆十加后的圆心坐标是一则半径是求经过原点及点的圆的方程</text>
83,<text>二圆与直线的位置关系有一批抗震救灾物资急于沿直道运往小镇如图所示地震中心位于车队正西千米处受地震影响在半径为千米的圆形区域内地面道路严重破坏若小镇位于地震中心正北千米处车队能否沿直道直奔小镇这就需要研究直线与圆的位置关系圆和直线的位置关系有三种图图相交圆与直线有两个公共点相切一一圆与直线只有一个公共点相离一一圆与直线没有公共点在直角坐标平面中直线和圆交点的坐标应满足直线方程和圆的方程它应该是直线和圆的公共解因此圆和直线的位置关系可由方程组解的情况来判别如果方程组有两组不相等的实数解那么直线与相交于两点即直线是圆的割线如果方程组有两组相等的实数解那么直线与圆可切于一点即直线是圆的切线如果方程组没有实数解那么直线与圆没有公共卢即直线与圆相离例判别直线和圆的位置关系若直线与圆有公共点则求出交点的坐标解解方程组尸由得把代人得化简得解得代人得方程组的解为工或所以直线与圆相交于点直线与圆的位置关系还可以通过比较圆心到直线的距三与圆半径的大小来判别如图图当厂时直线与圆相交当厂时直线与圆相切当厂时直线与圆相离现在和你一起解决本块内容引入的问题以地震中心为坐标原点地震中心与车队所在点连线年在的直线为轴地震中心与小镇连线所在的直线为轻建立平面直角坐标系单位千米如图所示第章直线方程与方程直道所在直线的方程为即受地震影响的区域所在圆的方程为一地震中心到直道的距离区半二幽所以车队可以沿直道直奔小镇把抗震救灾物资安全送到课堂练习已知圆圆心到直线的距离小圆与直线人的位置关系是圆心到直线的距离心圆与直线的位置关系是圆心到直线的距离或圆与直线的位置关系是判别直线人一和圆的位置关系如果直线与圆有公共点求出交点的坐标用代数的方程去研究几何问题时应该充分利用图形的几何性质这样常能使解决问题更简便例求以为圆心且与直线相切的圆的方程解如图设圆的方程为因为圆与直线相切所以圆心到直线的距离等于半径即因此所求圆的方程为例求轴截圆所得的弦的长解如图连接圆的圆心坐标是径厂圆心到轴的距离在中本题也可先求出轴与圆的交点的坐标再用两点间的距离公式求线段长所以痣因此弦的长为畲例已知圆的方程为求宣线被圆截得的线段的长解如图作于点连接由垂径分弦定理知吟等夜因为圆的半径即所以于是所以直线被圆截得的线段的长为课堂练习求以为圆心且与直线相切的圆的方程圆在轴上截得线段的长度为在轴上截得线段的长度为求直线被圆所截得的线段的长</text>
84,<text>一直线方程的应用在我们的生活生产和经济活动中很多变量之间的关系可以用二元一次方程来描述即它们的图像可以用直线来表示下面我们介绍直线方程的一些简单应用例根据市场调查某品牌电视机的供需量供应量和需求量台都与它的价格尸元有关供应量与价格的关系满足方程需求量与价格的关系满足方程试求市场的供需平衡点即供应量与需求量相等的点并回答该电视机的市场供应量至少为多少时才能满足市场需求解供应量和价格的关系满足方程需求量和价格的关系满足方程它们的图像如图所示这两条直线的交点就是市场供需平衡点该点坐标可由下面的方程组求得解方程组得供需平衡点为即当供应量和需求量都是台时市场达到供需平衡此时该品牌电视机每台价格为元所以市场供应量至少为台时才能满足市场需求例最多可悬挂的弹簧当悬挂物的质量为时它的长度为当悬挂物重时它的长度为已知悬挂物的质量和长度之间的关系可用直线方程表示求此直线方程并求这根弹簧不悬挂重物时的长度解设悬挂物的质量的与弹簧长度之间满足的直线方程为由题意得解方程组得因此所求直线方程为当弹簧不悬挂重物时得所以这根弹簧不悬挂重物时长为课堂练习若某种产品在市场上的供应数量万件与售价元之间满足方程产一而需求量万件与售价元之间满足方程试求市场供需平衡点一根铁棒在时长在时长已知长度和温度的关系可用直线方程来表示求直线的方程并求这根铁棒在时的长度</text>
85,<text>二圆方程的应用问题情境十分明显这是建立圆方程的数学模型通过建模解决有关实际问题例图是一座小镇石桥它的桥孔是一个圆投圆拱宽拱高是在一次修缮中每隔建一根支柱以支撑桥面为求支柱的高以所在的直线为工轴线段的垂直平分线所在的直线为轴建立平面直言坐标系如图所示求圆拱所在圆的方程求支柱的高度精确到解由题意知圆心在轴的负半轴上在中解得所以一因此圆拱所在圆的方程为工鳖因为所以设代入圆方程得初但解得皿由于故一上号组所以支柱的高度约为第章线方程与方程课堂练习如图是一座圆拱桥的示意图圆拱跨度桥孔宽拱高在建造时每隔需建一个支柱支撑为求支柱的高度以所在直线为轴线段的垂直平分线为轴建立平面直角坐标系上并设圆的圆心坐标为次半径为求点与点的坐标及圆的方程求支柱的高度精确到第题探究与实践用技术手段画直线与圆有许多计算机软件可以用来画直线与圆以下我们借助其中的一种免费数学学习软件来作图如图在左侧绘图选项卡内选择方程和函数栏输入函数关系式并点击图形钮在右侧平面直角坐标系中就出现函数的图像即直线如果想在同一平面直角坐标系中画出多个函数的图像我们可以点击添加钮在新增的空白输入栏内添加新的函数关系式并点击图形钮即可画出多个函数的图像例如我们可以用这种方法画出函数的图像图即四条直线图如图在左侧绘图选项卡内选择方程行函数栏输入函数关系式并点击图形钮在右侧平面直角坐标系中就会出现函数的图像即方程为的圆第章线方程与黑方程用画多个函数图像的方法我们可以画出函数的图像即四个圆我们会发现这些圆组成了有趣的图形如图所示用画多个函数图像的方法我们还可以画出函数的图像即一个圆与三条直线我们会发现这些直线中有的直线与圆相交有的直线与圆相切有的直线与圆相离如图所示</text>
86,<text>一乘法原理某职业学校服装设计班的张兰同学设计了款上装款下装图将款上装与款下装搭配起来组成套费装一共可以组成多少套不同的服装图我们可以这样思考组成套服装需要两个步骤第步上装的选择有种第步对于每一款上装下装的选择二种所以可以组成套不同的服装像上述这样的计数原理就是乘法原理一般地如果完成一件事需要个步骤第步有种不同的方法第步有种不同的方法第步有功安不同的方法那么完成这件事共有工不同的方法例这个数字可以组成多少个两位数解组成一个两位数有十位数和个位数第步先考虑十位数可用这个数字中的每一个有种选择第步再考虑个位数也可用个数字中的每一个也有种选择根据乘法原理得个所以这个数字可以组成个两位数例某职业学校导游专业的小敏进行导游实习带领定法团依次到上海南京武汉和重庆旅游她可选的交通方因为乘法原理的关键是分步所以乘法原理也叫做分步计数原理这里的加他均是正整数可将本题改编成电话号码问题这个数字可以组最多少个八位电话号码首位数字不为计算后你可体会到计数原理的威力式如图所示试问小敏依次从上海到重庆可选择多少匕不同的交通方式上海南京高铁飞机大巴受武汉重庆高铁用乘法原理解实际问题关键是分步要明确即厘清要解决的问题其中间过程应分几个步骤图解根据图所示第步上海到南京有大巴高铁这种交通方式第步南京到武汉有飞机大巴游船高铁这种交通方式第步武汉到重庆有大巴游船高铁这种交通方式根据乘法原理得种所以小敏依次从上海到重庆可选择种不同的交通方式课堂练习这五个数字可以组成多少个不同的三位数某运动员爬山锻炼从前山上有条路从后山下有条路他从前山上从后山下一共有多少种行走方式某羽毛球队有名男运动员名女运动员如果要从中选男女运动员各名参加羽毛球混双比赛那么共有多少种不同的选派方法</text>
87,<text>二加法原理如图所示为黄浦江两岸的美丽景色连接黄浦江两岸的有多座大桥与多条隧道如果一辆轿车从浦西甲处到浦东乙处既可以选择卢浦大桥南浦大桥中的座又可以选择打浦路隧道西藏南路隧道复兴东路隧道中的条那么这辆轿车一共有多少种不同的走法这辆轿车从浦西甲处到浦东乙处的走法有两类一类走大桥另一类走隧道走大桥有种走法走隧道有种走法所以这辆轿车从浦西甲处到浦东乙处的不同的走法一共有种像上述这样的计数原理就是加法原理一般地如果完成一件事有类办法在第类办法中有小种不同的方法在第类办法中有种不同的方法在第类办法中有叫种不同的方法那么完成这件事共有根十根种不同的方法例某职业学校烹饪班的小张去菜场选购个品种的菜菜场里水产有个品种蔬菜有个品种禽类有个品种小张共有多少种不同的选择方案解根据题意从这类不同的菜中选一种即可根据加法原理共有种所以小张共有种不同的选择方案乘法原理和加法原理的根本区别是乘法原理是对研究的对象进行合理的分步每一步都互相联系缺一不可而加法原理是对研究对象进行合理的分类每一类都互相独立相互排斥例王老师参加学校书友会举行的赠书活动他赠文学历史哲学这类书每类各有本不同的书如果从类书中任选本那么有多少种不同的选择如果从文学类历史类书中各选本那么有多少种不同的选择如果从类书中的任意类各选本那么有多少种不同的选择解从类书中任选本根据加法原理不同的选择共有种所以如果从类书中任选本那么有种不同的选择从文学类历史类书中各选本需分两步第步先从文学类中选本有种选择第步再从历史类中选因为加法原理的关键是分类所以加法原理也叫做分类计数原理这里的加均是正整数在解决实际问题中乘法原理的每一步只是对应问题的答案的一个中间步骤而加法原理中的每一类都对应问题的答案的一部分这个区别务必注意本有种选择根据乘法原理不同的选择共有种所以如果从文学类历史类书中各选本那么有种不同的选择类书中的任意类包括文学类历史类文学类哲学类历史类哲学类这种情况从文学类历史类中各选本有种选择从文学类哲学类中各选本有种选择从历史类哲学类中各选本有种选择根据加法原理不同的选择共有种所以如果从类书中的任意类各选本那么有种不同的选择课堂练习某职业学校的班级购有本不同的书和支不同的笔以便作为奖品奖励学生如果从书和笔中各选择种奖给名学生那么共有多少种奖法某班级的班干部中有男生人女生人从中任选人去领奖有多少种不同的选法现有一副去掉大王与小王的张扑克牌从中选出张红桃有多少种不同选法从中选出张红桃和张黑桃有多少种不同选法</text>
88,<text>一排列问题请你先来考察下面有趣的文字排列由读书好这个文字可以组成多少个没有重复文字的短语将这个文字组成的每个短语看成个位置如果第个位置排读第个位置排好或书那么第个位置只能排最后剩下的一个文字了这种情况可用树形图图表示如下第个位置第个位置第个位置组成的短语好读书好书读好书把所有可能的结果一一列出的方法叫枚举法树形图就是枚举法的一种表示形式图类似地你还可以排出如下两种树形图图与图第个位置第个位置第个位置组成的短语一读书好读书好书读好书读图第个位置第个位置第个位置组成的短语图我们把被选取的对象如上面问题中个文字中的任何一个叫做元素这个文字组成一个短语是个元素间的关系这些元素间有明确的顺序关系即将一个短语中的任意两个元素对换会得到不同的短语这里蕴含着排列的数学模型由此得到排列的概念一般地从个不同元素中取出加根个元素按照一定的顺序排成一列叫做从个不同元素中取出个元素的一个排列根据排列的定义两个相同的排列不仅元素相同而且排列的顺序也相同如果两个排列的元素相同但排列顺序不同那么它们是不同的排列例小王小李和小陈人节日里彼此间互发一次短信他们共发了多少次短信解发短信的所有情形可以用树形图来表示如图所示有趣的是这个不同的短语从语义语气上研读具有不同的含义例如读书好表示开卷有益好读书表示多多益善读好书表示择善从之请你试一试将不怕辣这个文字仿照上述方法排出个短语你会体会到祖国文化的博大精深这里的都是正整数小王向小李发短信和小李向小王发短信是不同的两次短信即每个元素间有明确的顺序要求把个数字看成个元素组成一个分数是个元素间的关系同样这个元素之间也有明确的顺序要求即树形图中任意个元素对换可得个截然不同的分数图小王小李所以他们一共发了次短信例从这个数字中任取个共可以组成多少个没有重复数字的分数解这个数字组成分数的所有情形可以用树形图表示如图所所以这个数字共可以组成个没有重复数字的分数课堂练习用树形图表示新建铁路某段有甲乙丙丁这个车站应印制多少种不同的车票用树形图表示这个数字共可以组成多少个没有重复数字的三位数</text>
89,<text>二组合问题将上述例例稍作改动请思考问题的性质是否有质的变化小王小李和小陈人节日里彼此间互通电话一次他们共通了多少次电话这个问题与例比较虽然看起来十分相似但实质却不同因为小王和小李通电话与小李和小王通电话同属次通话而小李和小王互发短信却是次不同的短信所以通话的所有情形可表示成如下组小王一小李小李一小陈小陈一小王把人看成个元素通电话看成是个元素之间的关系但这个元素之间没有顺序要求每个元素并成一至就是通电话次类似地这个数字每次取出个数字相乘可以有多少个不同的积这个问题与例比较也十分相似但实质也不同众衍周知一个分数的分子分母颠倒后所得的分数是另一十分数而两数相乘乘数与被乘数对换后所得的积却是同一个数所以本题有共个不同的积把个数看成个元素每个元素并成一组得一个积由此我们可得出组合的概念一般地从个不同元素中取出加加个元素并成一组叫做从个不同元素中取出个元素的一个组合排列问题与组合问题比较它们的共同点都是从个元宅中取出山加个元素的问题但排列问题与顺序有关而组合问题与顺序无关也就是说两个相同的排列不仅元素一样而且顺序一致而两个相同的组合只需元素一样就可以了例某职业学校旅游专业的小陈从如图所示的上海的个景点中任选个进行导游实习他共有多少种不同的选法这里的都是正整数外滩七宝余山图和是不同的排列因为它们排的顺序不同但它们是同一个组合即排列强调顺序而组合与顺序无关解从个景点中选出个根据题意并不需要考虑选中的个具有先后顺序关系所以不同的选法有外滩七宝外滩余山七宝余山所以他共有种不同选法例小王小李小张小陈人聚会彼此都相互握了一次手他们共握了多少次手解两人之间的握手没有顺序关系根据题意可以画出树形图如图所示课堂练习这个数字每次取其中丐试写出所有不同的和小张小王小李小陈和小刘这一年生汁划一同旅行在旅行前互通电话一次他们共通了多少次电话试一一写出来试写出从个元素中每次取二素的所有组合</text>
90,<text>一排列数公式从个元素中每次取个元素的所有排列全部写出来共计有个怎样写才能使写出的排列既不重复也不遗漏你可以这样做每次取出的个元素放在个固定的位置上树形图如图所示每个位置成为放置元素的一个步骤第步从这个元素中任取个放置在第个位置上共有种不同取法第步从余下的个元素中任取个放置在第个位置上共有种不同取法第步从前两步所剩下的元素中任取个放置在第个位置上共有种不同取法按照这样的思路可以既不遗漏也不重复地写出从个元素中每次取出个的全部排列根据乘法原理可得全部排列种数为种一般地从个不同元素中任意取出相加个元素芍所有排列的个数叫做从个不同元素中任意取出个元素的排列数用符号表示这样从个不同元素中每次取个元素的所有排列依记作所以借助上面的思想方法我们可以推导的计算公式设不同元素为从中任取个元素排列在小个固定位置上图第步在位置上从个元素中任取个放上有我善不同取法第步在位置上从剩下的个元素中任取咬上有种不同取法第步在位置上只能从剩下的一加个元素中任取个放上有一加种不同取法根据乘法原理所有的排列为可于是从个不同元素中取出个元素的排列数为加帆二式叫做排列数公式当加时说明将个不同元素全部取出进行排列这号为排列叫做个元素的全排列这时排列数公式为三是正整数到的连乘积正整数到的连乘积叫做就秉记作读作阶乘所以利用阶乘符号排列数公式可以改写成如下形式既以排列数的计算可用计算器进行计算例如计算的按键顺序是由日计算清的按键顺序是轲画画日国区画为了使公式一时有意义我们规定例计算最解骂例解方程巴解由巴巴得即二一解得或因为所以课堂练习填写下面的阶乘表计算解方程以</text>
91,<text>二组合数公式这里的都是正整数字母是英文单词组合的第一个字母从个不同元素中任意取出个元素的所有组合是即组合数为一般地从个不同元素中任意取出加个元素的所有组合的个数叫做从个不同元素中任意取出个元素的组合数用符号表示这样从个不同元素中任意取出个元素的所有组合数记作即这里的是列举所有情形后数出来的怎样把它求出床呢我们从图的排列问题入手从个不同元素二中任意取出个元素的排列数的计算可分两步进行第步从个不同元素中取出个元素的所有组合为种它们分别是第步对取出的每一个组合中的个元素进行全排列共有种如如这个组合中有上这个排列其他组合类似上述步骤可用如图来表示第步第步一乘法原理一这里分两步计算排列数的方法与图按三个位置计算排列数的方法有什么不同两种方法的计算结果是一样的吗图限据乘法原理得组素元一般地从个不同元素中取出个元素的排列数可分下列两个步骤进行第步从个不同元素中取出个元素的组合数共个第步对取出的每一个组合中的个元素进行全排列共有种根据乘法原理得队所以二因此从个不同元素中任意取出个元素的组合数为八个公式叫做组合数公式所以组合数公式又可写成二为了使公式当加时有意义我们规定体现了排列与组合的联系与区别组合数的计算可用计算器进行计算与计算排列数类似使用键同即可课堂练习计算计算下面每组的值并思考两者的关系着和凌和</text>
92,<text>三组合数的性质我们来看下面的问题某职业学校从名学生中选出名去参加演讲比赛共有种选法这个问题也可以这样考虑从名学生中选出名留下其余去参加演讲比赛有多少种选法根据问题的性质可得共有种选法如果你有兴趣可以运用公式自行加以证明运用组合数的这一性质可以简化组合数的计算由戢可知且为正整数这是同一问题的两种不同说法所以应有一般地得徵这是组合数的一个重要性质例计算解例解方程解由得化简得解得或因为所以由妁得化简得解得或因为所以蜜堂练习计算矩解方程探究与实践用技术手段计算排列数与组合数对于比较复杂的排列数与组合数的计算问题我们可以借助技术手段来求解有许多计算机软件可以用来衽淬列数与组合数以下我们借助其中的一种免费数学学习软件来求解例求排列数玲巧瑶如图所示首先点击工具栏中的查看二点去其中的计算器面板然后在显示出来的计算器面板中点击统计信息旁的按钮使统计信息具体内容得以展开为了计算可点击其中的排列按钮输入栏中号出现此时可输入相应的数字如输入运中为即表示从个元素中取三个元素的排列图如果想同时计算出多个排列数可以通过以下方式进行输入如榆入栏中为即表示从个元素中分别取个个元素的排列如榆入栏中为即表示分别从个元素中取个元素从个元素中取个元素的排列如图所示图例求组合数同上述过程点击工具栏中查看的计算器面板并在计算器面板的统计信息中点击组合输入栏台将出现此时可输入相应的数字为了算可在输入栏中输入即表示从个元素中取个元素的组合如果想同时计算出多个组合数可以通过以下方式遗行输入如输入栏中为即表示个元素中分别取个个元素的组合如输入栏中即表示分别从个元素中取个元素从个元素中取个元素的组合计其结果如图所示</text>
93,<text>解排列组合应用问题时首先判断选用哪个数学模型是排列模型还是组合模型其次解模时应细心计算慎防差错释模过程应多迁移到其他类似的情境编拟相似的问题促进能力提高还可这样想让孙女立在旁边暂时不站进去其他人去站那么不同站法是个元素的全排列即已种对其中每一种站法孙女再走进去由此得到满足要求的站法是种排列应用问题与组合应用问题无论是在日常生活中还是在生产实践中人们都可能遇到诸多计数问题其中往往要用到排列或组合的数学模型这里将举例进行学习例从个不同的树种里选出个品种种植在小区里有多少种选法从个不同的树种里选出个品种分别种植在三条不同的道路旁有多少种不同的种植方法解所有不同的选法即从个不同的元素中选出个元素的组合数共有种所以有种选法所有不同的选法即从个不同的元素中选出个元素的排列数共有理种所以有种不同的种植方法例孙女和爸爸妈妈爷爷奶奶祖孙三代个人站成一排拍合家欢照片一共有多少种不同的站法如果孙女一定要站在中间那么有多少种不同的站法解所有不同的站法即个元素的全排列数共有种所以一共有种站法因为孙女一定要站在中间所以孙女先占据中间位置然后其他人去站每人对应一个位置共有种站法即种所以孙女一定要站在中间的站法有种例件产品中有件正品件次品从中任意抽取件立生件次品恰好都被抽到的抽法有几种至少有件次品被抽到的抽法有几种事从件产品任意抽取件可以分个步骤步抽取件次品它的抽法有底种第步从件正星中独取件正品的抽法是种唳据乘法原理得种所以有种抽法从件产品中抽取件至少有件次品被抽到包蓑有莅情况有件次品被抽到和件次品都被抽到第差有件次品被抽到的抽法有种第类有件次品上到的抽法有种吏据加法原理得种年以有种抽法例有这五个数字这五个数字可以组成多少个没有重复数字的五位这五个数字可以组成多少个没有重复数字且比大的五位数解满足条件的五位数共有两类第类以为个管霰内没有重复数字的五位偶数有个第类以为个心再没有重复数字的五位偶数也有巴个受据加法原理得个齐以这五个数字可以组成个没有重复数字的五位偶数二比大的五位数在万位上的数字只能分别是这个数字以其中的每个数字作万位数符合要求受三金数都有个因此符合条件的五位数有个斫以这五个数字可以组成个没有重复数字且比卜大的五位数辩排列组合应用问题要注意以下三点首先要准确理解题意要掌握关键字句的含义根据题意分清是排列模型还是组合模型在建模过程中要注意是分步还是分类如分步一要用乘法原理分类则要用加法原理很明显这个问题的数学模型是排列还可以这样想个位上从两个中选其一余下的四个数字在其余的四个数位进行全排列即还可这样想这五个数字可以组成的所有没有重复数字的五位数有个而当为万位数字时的五位数比小这样的五位数有个所以符合题意的五位数应是您一个</text>
94,<text>一随机现象与随机事件在现实生活中有许多现象有些现象在一定条件下是一定会出现的例如物体在高处总会掉向地面在标准大气压下温度降至以下水会结冰而有一些现象在一定条件下总是不会出现的例如正常环境下油溶于水我们把在一定条件下必定出现或必定不出现的现象称为确定性现象前者称之为必然现象后者称之为不可能现象在现实生活中还有一些现象在一定条件下可能出现也可能不出现例如明年中秋节是阴天还是晴天江河水位高低会票指数是涨还是跌购买的彩票会不会中奖等等我们把这类在一定条件下可能出现也可能不出现的现象叫做随机现象例判断下列现象是否是随机现象并说明理由鸡蛋变成石头从装有红黄蓝三种颜色的球的袋子中摸球摸到勾球的颜色解不是随机现象是不可能现象因为正常条件下鸡蛋与石头是不同物质不能相互转换是随机现象因为摸到的球的颜色可能是红黄蓝三种颜色中的任意一种为叙述方便我们把对随机现象的观察结果看成是一次望机试验的结果随机试验所产生的每一个的结果叫做随机事件用大写字母来表示试验后必定出现的结果叫做必然事件用符号表示试验后不可能出现的结果叫做不可能事件用符号表表示例抛掷一枚如图的骰子判断下列结果是什么事件骰子显示的点数大于骰子显示的点数是骰子显示的点数是骰子显示的点数小于解是必然事件因为骰子能够显示的点数为都大于是不可能事件因为骰子能够显示的点数为不可能是是随机事件因为点数可能出现也可能不出现是随机事件因为小于的点数可能出现也可能不可现在例中所揭示的随机事件只有个可能发生的基本结果而所揭示的随机事件包含个可能发生的基本结随机事件可以当作一个集合必然事件相当于全集不可能事件相当于空集图果我们把试验的每个可能发生的基本结果叫做一个基本事件例判断下列事件是必然事件不可能事件还是随机事件并说明理由这是一句名言它告诉人们只要意志坚定刻苦努力一定会有所成就只要功夫深铁杵磨成针铁球会浮在水面上年后的中秋节会下雨解只要下功夫磨铁杵一定能磨成针所以这是必然事件铁球的密度远大于水不可能会浮在水面上所以这是不可能事件按照目前天气预报的科研水平不可能准确预报几年后某一天的天气年后的中秋节下雨或不下雨都有可能所以这是随机事件课堂练习判断下列哪些现象是随机现象哪些不是随机现象上海中心大厦的高度黄浦江的水位足球比赛中第次射门就进球抛掷一枚硬币会出现哪些基本事件判断下列事件是必然事件不可能事件还是随机事件并说明理由明年股票指数会上涨在标准大气压下水加热到水会沸腾</text>
95,<text>二古典概型古典概型的两个特点一次随机试验的基本事件只有有限个每个基本事件发生的可能性是相等的我们把度量随机事件出现可能性大小的数值叫做这个随机事件的概率随机事件的概率记作随机事件的概率记作在一次随机试验中如果它的全体基本事件日的个数是有限的并且每个基本事件出现的可能性相等那么我们把这种概率模型称为古典概型其对应的概率计算公式为一一事件包含的基本事件数基本事件总数报有追向么例如抛掷硬币的试验属于古典概型它可能出现的基本事件只有两个图案朝上和文字朝上且例求抛掷一枚骰子显示的点数大于的概率解设表示显示的点数为这一事件表示显示的点数为这一事件表示显示的点数为这一事件表示显示的点数大于这一事件显然事件为所有基本事件共有个每个基本事件发生的可能性相等而事件包含的基本事件是和共个事件因此所求的概率为对于一次随机现象来说随机事件的概率具有如下的性质不可能事件的概率为即必然事件的概率为即任意一个随机事件的概率满足所有基本事件的概率之和等于例某职业学校开设的艺术类选修课有门分别为主画书法钢琴唱歌舞蹈插花和茶道由于报选修课的人取众多该职业学校采取随机抽签的方式确定各人的选修课也门类若小红打算报门选修课求她恰抽到插花课的概率若小红打算报门选修课求她恰抽到插花课的概率解若小红打算报门选修课则她在门选修课一抽到门选修课就是个基本事件这样的基本事件有个设表示小红抽到插花课这一事件则事件所包含的基本事件为个因此所求的概率为若小红打算报门选修课则她在门选修课中抽当门选修课就是个基本事件这样的基本事件有个设表示小红抽到插花课和另外一门选修课这一事件则事件所包含的基本事件的个数为个因此所求的概率为例某职业学校的学生积极参与志愿者活动在某次志愿者招募中要从名学生中随机抽取名学生组成志愿者服务小队求小明和小强恰好被抽到的概率精确到解符合要求的基本事件的个数为设表示小明小强和其他名学生被抽取为志愿者这一事件则需要从除小明小强以外的其余名学生中随机抽取人图因此事件包含的基本事件的总数为个图因此所求的概率为国课堂练习填空度量随机事件出现可能性大小的数值叫做随机事件的概率记作不可能事件的概率为必然事件的概率为任意一个随机事件的概率满足抛掷一枚骰子求显示的点数大于的概率求显示的点数小于的概率若随机事件表示显示的点数为奇数这一事件随机事件表示显示的点数为偶数这一事件求和小明所在的班级有名学生现要随机抽取名学生作为学生代表求小明被抽到的概率</text>
96,<text>频率与概率在实际生活中有些随机事件不符合古典概型的特点例如在跳水比赛中奥运冠军的成绩出现在高分区的可能性大而普通跳水爱好者的成绩出现在高分区的可能性很小那么如何来确定不同选手得分的概率呢面对这样的情况只有通过大量的重复试验才能较准确地估计出不同选手得分的概率假设某随机事件在次重复试验中出现了机次那么叫做随机事件在次重复试验中的频数叫做随机事件在次重复试验中的频率在抛掷一枚硬币的试验中设表示抛掷一枚硬币的次数加表示出现正面图案朝上的次数则就是次试验中出现正面的频率历史上有许多著名的数学家都做过类似的试验其中位数学家的统计结果如表所示表抛掷硬币试验的统计结果试验者抛掷次数正面次数相正面频率半德摩根蒲丰费勒皮尔逊罗曼诺夫斯基从上面的试验数据中可以看出当试验的次数很大时频眈将逐渐稳定于常数这个常数就是随机事件的在古典概型中我们计算得到抛掷一枚硬币出现正面的概率为现在用实验的方法可以验证出现正面的频率是个变量随着试验次数的增大一稳定于附近一般来说在随机事件的概率难以获得的情况下我们常用事件发生的频率来估计概率概率实际上当比较大时我们将频率作为事件的概率的估计值在实际应用中也叫做事件出现的概率记作尸石空例医学界对新药的研发和疗效往往需要进行临床试验来证实某种新药在例临床试验中得到的完全有效部分有效以及无效的病例数据如表所示表完全有效病例部分有效病例无效病例例例例估计下列事件的概率精确到该药物完全有效该药物部分有效该药物无效解设表示药物完全有效这一事件则事件的频率为事件的概率的估计值即设表示药物部分有效这一事件则事件的频率为事件的概率的估计值即设表示药物无效这一事件则事件的频率为事件的概率的估计值即例白玉兰是上海的市花在春季里竞相开放为人们送来阵阵馥郁的香气本市某绿地的白玉兰从月日起悄然开花它们的开花日期及数量记录如表所示为人表开花的日期日及以后白玉兰的数量估计下列事件的概率精确到率解白玉兰在月日到月日这五天内开花的白玉兰在月日到月日这四天内开花的白玉兰在月日及以后开花的概率从月日起开花的白玉兰的总数量为设表示白玉兰在月日到月日开花这一事件则事件的频率为事件的概率的估计值即八荻痴设表示白玉兰在月日到月日开花这一事件则事件的频率为事件的概率的估计值即口八江设表示白玉兰在月日及以后开花这一事则事件的频率为事件的概率的估计值即袅肛春堂练习填空如果某随机事件在次重复试验中出现了次那么相叫做随机事件在次重复试验中的叫做随机事件在次重复试验中的在某次随机试验中当比较大时用作为事件的概率的估计直叫做</text>
97,<text>概率的简单应用概率有着十分广泛的应用涉及生活生产科研等各个领域判断事物的发生发展及其结果往往要借助概率模型来解决例已知在件试验样品中有件样品不合格现随机抽取件样品求抽到的件样品都合格的概率求抽到的不合格样品的概率解在这件试验样品中随机抽取件所有的基本事件有彳个设表示抽到件试验样品都合格这一事件则必须从件合格样品中抽取件样品因此包含的基本事件的个数为个所以事件的概率为哈白设表示抽到不合格样品这一事件则必须从件合格样品中抽取件样品因此出包含的基本事件的个数为个所以事件的概率为例上海地铁一号线是上海最早建成的一条地铁线路眼据连续七周的每周一的统计地铁一号线列车发车的次数和准点的次数如表所示图估计地铁一号线列车每周一准点的概率精确到解计算所得地铁一号线列车每周一准点的频率表所示个型随表周一的序次第周周一第周周一第周周一第周周一第周周一第周周一第周周一发车的次数点点的次数加准点的频率事则事数设表示地铁一号线列车周一准点这一事件事件的频率为事件的概率的估计值即甲获胜的概率只与区的面积成比例若设表示甲获胜这一事件则事件的概率为户区的面积圆盘的面积如果每个事件发生的概率只与构成该事件区域的长度面积或体积成比例那么称这样的概率模型为几何概型例甲乙两人玩转盘游戏转盘如图所示规定当指针指向区时甲获胜否则乙获胜求甲获胜的概率图解因为图中区和区所占的面积各占圆面积的所以当指针随机运转时指针落在区和区的概率各占因此甲获胜的概率为去课堂练习一副扑克牌有张牌不含大王与小王现随机抽出其中的张牌求张牌都是的概率估计下列事件的概率精确到在环以内包括环的概率在环环的概率脱靶的概率甲乙两人玩转盘游戏转盘如图所示规定当指针指向区时甲获胜否则乙获胜求甲获胜的概率第题</text>
98,<text>一抽样方法在初中学习统计的基础上我们进一步学习统计的相关知识在统计中从总体选取样本的过程叫做抽样抽样过程中必须采用科学的方法选取代表性的个体排除主观因素偶然因素和极端因素的影响一般来说主要的抽样方法有随机抽样系统抽样和分层抽样随机抽样如果在抽样过程中能使总体中的每一个个体都有等可能的机会入选样本这种抽样方法称为随机抽样随机抽样能够避免人为因素干扰样本具有较强的代表性一般采用抽签法和计算机随机数法抽签法是十分常用的方法只要将个个体进行编号同时制作数量相等的签每个签上写好对应个体的编号然后随机抽取个签并依据编号找出所对应的个个体组成样本随机数法则是借助计算机产生所需的随机数根据随机数对应的个体编号选取个个体组成样本系统抽样把总体中的每一个个体进行连续编号然后按事先规定的等间隔抽取样本的方法称为系统抽样设总体容量为样本容量为如果总体容量能被样本容量整除设间隔一可先由数字到中随机地抽取一个数作为起始数然后顺次抽取第一归个数这样就得到容量为的样本如果总体容量不能被样本容量整除可从总体容量中剔除余数再除以样本容量得到间隔然后按系统抽样方法进行抽样例某电视机厂要对台出厂电视机进行抽样检测现决定选取台进行检测利用系统抽样的方法设计一个抽样方案解设总体容量为样本容量为则间隔出巴关程即每台电视机中抽取台电视机进行检测将台电视机进行编号第一次在第至第台中随机抽取一台如果第一次抽到第台电视机进行检测那么依次抽取的电视机编号为分层抽样把总体分成若干层然后在每层按同样的比例进行随机抽样的方法叫做分层抽样分层抽样的方法一般将容量为的总体按要求分为层每层的个体数分别为然后每层分别随机抽取外犯人个个体组成容量为的样本满足人戈河防瓦后例某职业学校共有学生人其中一年级学生人二年级学生人三年级学生人现要对学校全体学生做一次抽样调查准备按分层抽样方法抽取名学生这名学生该如何抽取解我们将总体根据年级分成层人数分别记为和则由于品所以样本中一年级学生数同理即分别从一二三年级中随机抽取人人和人样本满足随机抽样系统抽样与分层抽样都有广泛应用面对实际问题时必须根据问题的具体要求选取最佳的抽样方式一般来说样本容量越大抽样的估计精度也越高可以综合运用多种抽样方法提高估计精度填空随机抽样有两种主要方法系统抽样中若总体容量为样本容量为则间隔无在分层抽样中把总体分为若干部分然后在每个部分进行某制药企业要对生产的药片进行抽样分析查看每片药物的含量是否正确现从片中抽取片进行检测利用系统抽样的方法应如何抽取手机厂商要对即将交付的手机进行抽样检测查看产品是否合格现有批手机每批手机的数量分别是若第一批手机抽取台进行检测利用分层抽样的方法计算其余批次的手机抽检数量</text>
99,<text>二样本的基本统计量在统计过程中不仅要用科学的抽样方法来明确总体和样本还要利用样本数据进行的计算和分析从而能够准确推断出总体的情况例如在评估职业学校某次数学期末考试成绩优劣的时候通常会用考试成绩的平均分来刻画该学校本次考试成绩的基本水平像平均分这样通过数据计算得到的能够反映样本或总体特征的计算量叫做统计量关于样本的基本统计量有样本均值样本方差和样本标准差等样本均值若样本的容量为叫其对应的样本数据分别为不则样本均值当样本数据力对应的权数分别为力时样本加权均值样本均值能够反映样本数据的平均状态它对每一个样本数据都很敏感每个样本数据的变化都有可能带来样本均值的变化例从全市抽取户家庭作为样本调查家庭人口数调查所得的数据如表所示表家庭人口数家庭数田隹寸责试计算样本家庭人口数的均值并估计该市每户家庭的平均人口数解样本家庭人口数的均值即样本家庭人口数的均值为人并以此估计该市每户家庭平均有人不到人样本方差若样本的容量为其对应的样本数据分别为工则样本方差不一工一包样本方差能够反映样本数据与样本均值的偏离程度也受反映样本数据分布的离散程度一般来说有如下规律越大样本数据偏离样本均值程度越大样本数据分布越分散越小样本数据偏离样本均值程度越小样本数据分布越集中加权均值的思想方法也适用于求标准差和方差样本方差的算术平方根称为样本标准差记作一样本加权方差为一九二一例某校全体学生进行计算机操作培训随机抽取名学生作为考核的样本考核成绩如表所示在统计学上当用样本方差估计总体方差时分母采用可比更好地反应总体数据的离散程度所以样本方差的分母一般为表人数得分试估计全体学生的平均成绩精确到试估计全体学生的成绩的标准差精确到表甲班乙班试分析甲乙两个班的数学学习情况解甲班的样本平均分乙班的样本平均分甲班的样本标准差乙班的样本标准差心可以估计甲乙两个班平均分相差不大乙班高于甲班审班数学成绩离散程度大即甲班数学成绩分化程度比乙班大些课堂练习某赛季甲乙两名运动员在若干场比赛的得分情况如下表所示通过例题可以得到如下启示用样本对总体进行估计时一个样本统计量往往不能全面说明问题我们需要用到多个样本统计量甲乙试分析甲乙两名运动员中谁的比赛成绩更加稳定在某次职业技能测试中从甲乙两个班中各随机选出名学生的成绩如下表所示甲班乙班试分析甲乙两个班中哪个班的测试成绩更加稳定</text>
100,<text>统计图表在解决实际问题时为了明确显示样本数据的分布规律和统计特征往往需要绘制统计表和统计图频率分布表和频率分布直方图是常用的统计图表频率分布表包含了样本分段显示的数据频数和频率频率分布直方图则是频率分布表的图形化体现在实际操作中我们通常借助计算机辅助制作例为了了解某种菊花的花期情况随机抽取盆菊花进行研究结果发现它们的花期是不尽相同的其结果如表所示单位天表这种菊花的平均花期为多少天绘制花期的频率分布表和频率分布直方图解样本均值而因此这种菊花的平均花期为天通过观察表中的数据知花期最短为天最长为天因此花期分组的区间长度频率分布表如表所示表花期分组天频数盆频率然后选取花期分组为横轴频率为纵轴以直方图示数据值作出频率分布直方图如图所示频率花期天图根据频率直方图可以看出花期在天至天左右的例为有的放矢地开展社区工作某社区服务中心对区居民年龄状况进行调查随机抽取了人作为样本调结果如表所示请将表中缺少的数据补充完整绘制居民年龄频率分布直方图分析该社区居民岁至岁的年龄结构情况根据频率公式频率释鬻量所以中等职业学校教材试用本教学第三册分组内缺少的频率为而又因为频数样本容量频率所以分组内缺少的频数为同理计算出其他缺少的值并填入表中可得表根据样本居民年龄频率分布表可作出样本居民年龄频率分布直方图如图所示图估计该社区居民岁至岁的人口的频率为其中岁至岁的人口的频率为频率最高频课堂练习计在实际问题的统计分析中往往需要绘制统计图表常用的就是和学校为了了解学生作业负担情况随机抽取名在校学生调查他们每天完成作业所花的时间结果如下单位时求学生每天回家做作业所花时间的样本均值选择适当分组绘制作业完成所花时间的频率分布表和频率分布直方图探究与实践用技术手段画频数分布直方图有许多计算机软件可以用来绘制统计图以下我们借助其中一种免费数学学习软件来绘制频数分布直方图例如在对社区居民年龄状况进行抽样调查后得到的频数分布表如表所示表年龄组区间岁频数现根据频数分布表绘制频数分布直方图和频率分布直方图打开数学学习软件从点开视图的下拉菜单选取表格区如图所示图在表格中填入频数分布表中的数据后框选频数一列并点选工具栏中的单变量分析如图所示图在单变量分析界面上点击一选项钮在下拉菜单中勾选分组与频数如图所示随后点击增加选择按钮得到频数的数据并将宽度框中的数据设为如图所示图图</text>
101,<text>一流程框图的符号在伴你入门中你见到的这些流程框图有关于数学的问题也有关于生产实践中的问题在日常生活或生产实践中为方便起见流程框图通常画得比较随意人们只需了解办事的工作步骤及其过程然而数学中的流程框图其流程更富逻辑性严密性且设计有着更多的严格要求流程框图简称流程图是一种用规定的符号来准确直观地表示流程的图形通常流程框图由流程框和流程线组成一个或几个流程框的组合表示流程中的一个步骤流程线具有方向箭头它按照流程进行的顺序将流程框连接起来表列出流程线与四种基本流程框的名称以及它们所表示的意义表名称图形符号表示的意义流程线用箭头向下的直线或折线表示表示流程进行的方向箭头来源方向是进入点箭头端是退出点起止框用圆角矩形表示口表示流程开始或结束开始为起始框结束为终止框输入输出框用平行四边形表示匚表示数据和信息的输入或结果的输出处理框又称执行框用矩形表示表示各种形式的数据处理和操作判断框用菱形表示表示判断与选择根据条件满足与否选择不同的路径成立时在出口标明是或不成立时标明否或下面说明表内这些符号的功能与用途流程线流程线不仅阐明前后两个流程框之间的关系还刻画了流程进行的方向起止框框内需写明流程的开始与结束以表明流程的始末任何流程框图起止框是必不可少的输入输出框框内分别表明输入和输出的具体内容处理框又称执行框各种形式的数据处理和操作如流程中需要的算式公式对变量进行赋值以及一些行动的方案等都需要用处理框来表示判断框当流程要求在不同条件的情况下执行不同的运算时需要借助判断框框内必须填写判断的具体条件例如图所示为小明星期一至星期六的生活的流程框图试说明图中各种框的形状与作用在流程框图中每个框中的文字通常称为语句如星期一星期六休息放学回家等都是语句解圆角矩形的起止框表示小明星期一至星期六活的开始与结束矩形的处理框表示小明星期一至星期六每天的活内容平行四边形的输入框表示小明本星期的活动流程从星期一开始菱形的判断框表示小明二选一的活动去向课堂练习请同学们交流你所见到过的流程框图根据图计算实数绝对值的流程框图试说明其中各种符号的功能与作用</text>
102,<text>二流程程图的规认识流程框图必须了解画流程框图的规则这些规则主要有流程框图必须使用标准的框图符号一个完整的流程隹图包括表示相应操作的流程框流程线以及流程框内外必要的语句和文字说明流程框图一般按从上到下从左到右的方向绘制除判断框外其他框只有一条流入线和一条流出线判断框是唯一具有两条流出线的框图符号起始框只有一条流出线终止框只有一条流入线输入输出框和处理框只有一条流入线和一条流出线而判断框有一条流入线和两条流出线但任何时候只执行一条流出线流程框图的这些规则使框图结构严谨条理清楚逻辑性强下面我们来看一个实例例休闲时刻看场电影往往是许多人首选的娱乐活动随着科技的进步和互联网技术的发展人们可以足不出户预订到理想的电影票下面是某电影网站网上购票的流程框图图试根据流程框图的规则说出网上购票的步骤图解第步起始框开始办任何事情总有开始这一步是必不可少的步骤根据题意这里开始意指进入电影购票网站第步判断框告诉电影票购买者是否是注册用户根叁流出线的是与否让购票者选择若是注册用户则直接人下一步骤即选择想看的电影片名若不是注册用户则卜须先用户注册然后才能进入下一步第步至第步都是处理框让购票者按步骤选择想看匹寻影片名选择电影院选择时间版本座位确认购票输人取票手机号码验证码完成选座确认订单及支付票款凭卜信代码去影院终端机取票第步终止框结束办任何事情总有结束这一步这是必不可少的步骤例如图所示为判断公历年份是否为闰年的流春运图试判断年是否为闰年输入洋份邂整解第步开始用起止框第步输入年份用输入框第步判断是否能被整除用判断框第步因为能被整除根据流程指向继续判断是否能被整除用判断框第步因为不能被整除根据流程指向输出年是闰年用输出框第步结束用起止框某项考试的相关事宜如流程框图所示新生小明要参加这次考试试根据流程框图的规则说明参加考试的步骤咨询考试事宜填血表领考生编号明确科目时间缴纳考试费按时参加考试领取成绩单领取证书第题台扔垃圾垃圾清运保洁员收运垃圾处理厂无害化处理再生资源回收阑结束第题如图所示为生活垃圾分类处理的流程框图现将废弃的电池和塑料瓶回收处理试根据流程框图的规则说明回收步骤判断年是否是闰年试根据流程框图的规则写出判断的步骤</text>
103,<text>一顺序结构顺序结构是由若干个依次执行的处理步骤组成它是最专单的流程结构框与框之间只要按流程线方向执行如图所示框与框是依次执行的即只有在执行框内指定的操作后才能执行框内指定的操作例任意给定一个正实数试编制一个流程框图求以底面半径为高为的圆柱体体积解如图所示起始框开始输入框输入正数处理框处理框输出框终止框结束输入正数必输出图例桌子上有两杯水其中一杯茶水杯上标有一杯清水杯上标有编制一个流程框图将两只玻璃杯中的水进行交换流程分析显然无法直接交换杯里的水我们可以借助第三只杯子杯上标有具体流程可以这样操作第步把杯子中的茶水倒入杯子第步把杯子中的清水倒入杯子第步把杯子中的茶水倒入杯子交换完成结束当然这个两杯水的例子实际上就是实现了交换两个变量和的值并输出交换后的值这是一个重要的流程思想解如图所示起始框开始输入框输入处理框中的茶水倒入处理框中的清水倒入处理框中的茶水倒入输出框输出终止框结束课堂练习任意给定一个正实数试编制一个流程框图求以为底面半径为高的圆柱体表面积司始已知一个三角形的三边长分别为利用海伦公式已知三角形的三边长分别为则三角形的面积为其中试编制一个流输程框图计算它的面积赢观察右图这个流程框图执行后的结果是什么</text>
104,<text>二条件结构在一个流程中经常会遇到一些条件的判断流程根据条件成立与否会有不同的流向通常判断结果有两种可能是或否条件结构就是处理流程过程中的一种判断结构这种结构中必有判断框出现其结构的一般形式有两种图图口的以束个程嘤图图你能说出两种不同形式的条件结构有什么区别吗条件结构中有两条流出线在流程中是否会同时执行例给定三个正实数试编制一个流程框图判断以这三个数为三边的长能否构成一个直角三角形流程分析很明显要使三边的长构成一个直角三角形这三边的长必须满足勾股定理即只需一边的平方等于其他两边的平方和这就是一个判断的条件由此可编制相应的流程框图解如图所示起始框开始输入框输入皋一判断框输出框能构成直角三角形输出框不能构成直角三角形终止框结束图例已知三条线段长分别为对于其能否构成一个三角形编制流程框图如图所示在三个判断框中可分别填写哪些条件图解因为构成一个三角形的条件是两边之和大于第三边所以在三个判断框中可分别填写课堂练习试编制求实数的算术平方根的流程框图已知实数如图是输出的算术平方根的流程框图判断框中应填写根据下列问题编制的流程框图中含有条件结构的是求点到直线的距离求两个数的平方和求一元二次方程的实数根第题求梯形的面积</text>
105,<text>三循环结构请你先看一个简单的例子你喜欢跳绳吗跳绳的过程可以用如图所示的流程框图来表示可以发现这个流程框图是由许多条件结构的框图所组成的可将这许多个重复的条件结构构造成一个循环结构如图所示这个例子告诉我们在一个流程中往往会从某处开始按照一定为条件重复执行某些步骤这就是循环结构重复执行的步琛称为循环体在循环体中必包含条件结构自三图条件结构条件结中等职业学校教材试用本数学第三册循环结构中通常包含循环变量循环体和循环终止条件三个要素循环变量是控制循环开始与结束的变量循环体又称循环表达式它是流程中重复执行的部分循环终止条件用一个条件结构表示以它判断是否需要继续执行循环下面通过实例来认识这些概念如图所示为计算的流程框图在这个流程框图中有两个变量一个是另一个是变量的作用是记录循环的起止和进程从累加到其初始值为每次循环增加称为步长变量的作用是经过循环将到的正整数逐次累加起来并最后输出结果我们使用一符号表示将右边的数值赋予左边的变量如表示将赋值于表示将上一步骤所得到的与的和赋值于新的在图的流程框中变量与变量的关系可以列出表表变量起始值为步长为变量起始值为循环表达式当超过时由于不满足于是输出值即产为循环体这是重复执行的部分而运为循环继续的条件出现在判断框中它是用来判断是否需要继续循环条件例某篮球队名队员在最近三场比赛中投进的三分球个数如表所示需要十算书进勺步口起表队员序号三分球个数如图所示为统计该队名队员在最近三场比赛中投进的三分球个数的总数的流程框图试指出其中的循环变量循环体和循环终止条件输出结果的值是多少开始衿输出图循续解循环变量是和循环体如图所示因为共有名篮球队员求三分球个数总数只需将这些队员投进的三分球个数累加所以循环终止条件在判断框中应是输出结果的值应为例在学习指数函数和对数函数时我们研究了细菌分裂问题已知某细菌由个分裂为个起始为个细菌至少几次分裂之后可得到超过个细菌并画出本问题求解的流程框图解本问题的循环变量为分裂次数循环终止条件为细菌数超过个由题意知该细菌分裂为成倍增长故第次分裂后细菌数没超过个继续分裂第次分裂后细菌数没超过个继续分裂第次分裂后细菌数当时故第次分裂后细菌数超过个流程框图如图所示中等职业学校教材试用本数学第三册课堂练习说出如图所示的流程框图中的循环变量循环体和循环终止条件根据这个流程框图输出结果的值是什么给出以下个数要求找出这个数中大于的数并输出流程框图中填填如图所示的流程框图输出的值为</text>
106,<text>流程流程框图的设计与应用通过前面的学习我们知道了流程框图是由一些规定的形符号和文字说明构成的图示它具有简单用江观形象等持点可以也观明确地表示动志过程从开始到结束的全部步聚流程设计不仅在日常生活和工作中的许多领域应用广乏而且在数学问题的解决过程中也有着不可代替的作用它为我们解决数学问题提供了解题步骤和思路随着现代信息技术的飞速发展流程设计在科学技术社会发展中发挥着越来越大的作用并益融入社会生活的许多方面流程思想已经成为现代人应具备的一种数学素养下面我们将结合对具体实例的分析体验流程框图在解决弋于句题中的作用通过模仿操作探索学习设计流程框图表达解决问题的过程体会流程设计的基本思想以及它的重要性和有效性发展有条理的思考与表达的能力提高逻辑思维能力例试编制用公式法求一元二次方程的根的流程框图解用公式法求一元二次方程的的步骤是第步计算判别式的值第步判断是否满足条件一时原方程有实数根卫肃当时原方程无实数根根据上述解题过程编制如图所小的流程宏图例某市出租车运价兀与行驶里程工米的关摹如图所示若输入的工为求输出的解当上时因为满足所以执行判断框工又因为不满足所以因此输出的为入计算输出彳茎盛图开始输入输的蠢图例如图为互联网上购买火车票的流程示意图请仔细阅读图中的注册模块和支付模块试编制它们的流程框图图解进入互联网购买火车票界面首先可以看到界面上却问购买者是否是注册用户若是则进入登录网站界亘若否则进入用户注册可见这是条件结构于是可设计如图所示的注册模块流程框图意勺流图进入支付界面选择银行支付页面支付存在成功与否若支付成功则进入显示订单号换取纸质车票若支付不成功则要重新支付重新进入选择银行支付页面这里应设计循环结构于是可设计如图所示的支付模块流程框图课堂练习如图所示的流程框图是用来判断复数是否是实数若是实数则输出否则结束流程判断框中可填开始输入输出是结束第题如图所示的流程框图是购买番茄时价格八元与质量千克之间的关系当为千克时输出的值是多少第题下表是某市居民使用天燃气的阶梯价格表年用气量立方米单价元立方米第一档含第二档以上试设计一张流程框图表示该市用户的天燃气年使用量立方米与缴费元之间的关系</text>
107,<text>一二元一次不等式组与平面区域请你先来看下面的实例如图所示为某汽车运输公司拥有的运输车型运输车辆型运输车辆和解解决图但该公司只有位驾驶员如果某一天位驾驶员一起上岗出车运输那么怎样安排车辆这样想型运输车安排辆型运输车安排了辆于是有不等式这里且我们称为二元一次不等式一般地我们把含有两个未知数并且次数均为一次形如或的式子称为二元一次不等式这里均为实数下面我们来讨论二元一次不等式的解在平面直角坐标系内表示的情况在平面直角坐标系内画出直线即我们知道直线丁一将坐标平面分成两部分图图不难验证凡是在直线了一上方的点都满足即凡是在直线下方的点都满足即所以二元一次不等式的解在平面直角坐标系内表示的是直线一下方的区域包括直线例画出二元一次不等式所表示的区域解在平面直角坐标系内画出直线匕一即益一区然后把不等式化为所以不等式表示直线下方的部分如图所示包括边界两于课堂练习欠形次不画出下列不等式所表示的区域一之力判断点是否在二元一次不等式所表示的区域内表示右图中阴影区域的二元一次不等式是第题平面下面我们来研究由二元一次不等式组成的不等式组它们在平面上表示的区域是怎样的例画出满足的区域解如图在平面直角坐标系内画出直线和小尸介一会满足的部分在直线的下方满足的部分在直线的上方从而得到所要的区域如图所示包括边界满足都方的一个二元一次不等式所表示的平面区域是半平面两个二元一次不等式组成的不等式组所表示的平面区域是它们各自相对应的半平面的公共区域的部例设点满足不等式组试在平面直角坐标系内画出点所在的区域解在平面直角坐标系内分别作出直线一一和人满足的部分在直线的下方满足一的部分在直线的上方满足的部分当二元一次不等式中的不等号为或时它所对应的直线用虚线表示不等号为或时用实线表示在直线的上方最后确定点满足不等式组的区域如图所示不包括边界所以点满足条件的区域是一个三角形的内部在这个区域内点的坐标均同时满足这三个二元一次不等式课堂练习画出下列不等式组所满足的区域如图所示平面区域包括边界所对应的二元一次不等式组是画出满足不等式组一的区域第题一</text>
108,<text>二二元线性规划的概念在现实生活中有很多实际问题需要我们加以分析和解决从中得出最理想的答案或最优化的结果例如某职业学校组织名学生外出郊游活动某出租汽车公司担任这次活动的接送工作该出租汽车公司拥有大巴辆中巴辆大巴每辆限乘人中巴每辆限乘人大巴每辆租金为元中巴每辆租金为元如何安排好车辆使这次郊游活动接送的成本最低我们假设这次郊游活动需要大巴辆中巴辆那么我们可以根据已知条件得到以下不等式组勺部学式和解业学任这巴租金这次那么设这次郊游活动需要的费用为元则由满足上述条件的得于是我们将问题就转化为在条件的前提下求的最小值问题我们把在这类问题中能满足的条件不等式组叫效线性约束条件满足线性约束条件的解叫做可行解所有可行解构成的区域叫做可行域它是由二元一次不等式组的解包力所组成的平面区域所求的最小值或最大值的函数叫做线性目标函数我们把在线性约束条件下求线性目标函数最小值或最大值的问题叫做线性规划问题例某化工企业计划生产甲乙两种产品已知生产这两种产品各吨所需要的原材料如表所示表产品原材料吨原材料吨甲乙原材料的库存量为吨原材料的库存量为吨甲产品的利润为每吨元乙产品的利润为每吨元如何安排甲乙两种产品的生产量可使总利润最大试写出线性约束条件和线性目标函数并画出可行域解设该厂生产甲产品吨乙产品吨取得的利润为元根据题意可以得到线性约束条件为根据甲乙两种产品的总利润可以得到线性目标函数为满足线性约束条件的可行域如图所示如何在线性约束条件下求线性目标函数的最大值我们将在下节学到课堂练习我们把在线性规划问题中与所满足的条件叫做满足叫做可行解所有可行解构成的区域叫做在线性规划问题中要求的最小值或最大值的函数叫做某药厂计划生产甲乙两种新药品已知生产甲乙两种药品各千克所需要的原料如下表所示药品原料千克原料千克甲乙原料的库存量为千克原料的库存量为千克甲乙两种药品的利润分别是每千克元和每千克元如何安排甲乙两种新药品的生产量可使总利润最大试写出线性约束条件和线性目标函数并画出可行域根据前面所学我们可以归纳出建立二元线性规划模型的一般步骤根据题意设未知量找出未知量满足的不等式从而得到未知量的线性约束条件在许多实际问题中未知量往往是非负的根据要求建立线性目标函数例某营养学专家认为康复病人一餐至少应包含钙铁维生素两种食物每份克的含量如表所示表食物名称钙的含量铁的含量维生素含量胆固醇含量如何安排两种食物的份数可使病人一餐中的胆固醇最少又能满足营养学家的要求试写出线性约束条件和线性目标函数解设食物为份食物为份是病人一餐中胆固醇的含量根据题意线性约束条件为根据病人一餐中胆固醇的含量可以得到线性目标函数为课堂练习二元线性规划模型应包括和两部分营养学家指出青少年学生的饮食结构是否合理关系到人的生长发育合理的日常饮食对促进骨骼的生长十分重要一般来说每天至少应摄人碳水化合物克蛋白质克脂肪克现有两种食物各千克它们的营养含量如下表所示食物碳水化合物克蛋白质克脂肪克价格元如何搭配两种食物的质量可以使花费最低且满足饮食结构要求写出线性约束条件和线性目标函数</text>
109,<text>一二元线性规划问题的解在上一节中我们已经建立了二元线性规划的模型那么我们如何来求线性目标函数在线性约束条件下的最小值或最大值呢可以证明当可行域是凸多边形时线性目标函数的最大董或最小值一定在区域边界的顶点处取得因此可以通过比发各顶点的线性目标函数值的大小求得最大值或最小值例设满足线性约束条件久求线性目标函数的最大值和最小值解如图所示满足线性约束条件的点所构成的区域即可行域是一个三角形区域包含边界图求出区域边界顶点的坐标分别计算这些顶点的线性目标函数值所以当时线性目标函数有最大值为当时线性目标函数有最小值为解二元线性规划问题可归纳为三个主要步骤找出满足线性约束条件的点所构成的区域求出区域边界的各个顶点的坐标若区域是多边形则分别计算目标函数在这些顶点的值比较这些值的大小得出线性目标函数的最大值或最小值例已知满足线性约束条件一画出它的可行域并求线性目标函数的最小值和最大值解如图所示满足线性约束条件的点所构成的区域即可行域是一个五边形区域包含边界分别求出五边形区域的各顶点坐标依次为分别计算这些点上的线性目标函数值所以当时线性目标函数有最小值当时线性目标函数有最大值弟早二元线性规划此处别忘了计算目标函数在原点的值的值是怎样计算得到的算算看课堂练习解线性规划问题主要有三个步骤请你分别写出来已知满足线性约束条件勺域点的值求的最小值和最大值已知满足线性约束条件比画出满足线性约束条件的可行域求线性目标函数的最大值和最小值</text>
110,<text>二二元线性规划的应用值和的点或包在本章中我们已经涉及许多与二元线性规划有关的问题现在就可以来解决这些实际问题我们以前面提出的郊游活动为例前面我们已知道线性约束条件为丁求线性目标函数的最小值如图所示满足线性约束条件的点所构成的区域即可行域是三角形包括边界可求得三点的坐标分别为分别计算线性目标函数值得元元元可见符合我们的要求即当时目标函数值最小所以安排大巴辆中巴辆时组织这次郊游活动的接送成本最低其他的一些例题你可以用相同的方法加以解决下面再举一例例为了配合创建和谐城市构建宜居环境某小区准备出资万元栽种红枫和碧桃两个品种的树木红枫苗木每棵元碧桃苗木每棵元为了达到较好的美化效果红枫不少于棵碧桃不少于棵那么怎样安排购买两种苗木的数量才能使两种苗木的数量总和最多请你通过建立二元线性规划模型帮助该小区解决这个问题解设购买红枫苗木棵碧桃苗木棵两种苗木的数量总和为之棵根据题意线性约束条件为线性目标函数为根据以上线性约束条件画出满足线性约束条件的点所构成的区域即可行域如图所示可行域为三角形包括边界可以求得这三点的坐标为在这些点上分别计算出线性目标函数的值得之显然最大所以该小区购买棵红枫苗木棵碧桃苗木才能使两种苗木的数量总和最多最多为棵课堂练习某企业生产甲乙两种产品每生产吨产品所耗费的电力人力如下表所示产品耗费电力需要劳动力人利润万元甲乙已知该企业共有劳动力人每天用电不超过如何安排生产使得每天产生的利润最大某运输队承担一工地的建筑垃圾运输任务该队有型和型两种卡车相关信息如下表所示载重量吨数量辆每辆卡车每次运输成本费元型型计划每次至少运输吨建筑垃圾设每次运输安排辆型卡车了辆型卡车写出满足的不等式组在右图中画出满足中不等式组的点所在的区域用阴影表示求每次运输成本尸的最小值及相应的值探究与实践用技术手段画出二元线性规划的可行域有许多计算机软件可以用来画出二元一次不等式组解集所在的平面区域以下我们借助其中的一种免费数学学习软件来画图例如画出满足的区域匕在绘图选项卡内选择不等式栏并将系统默认的或选项改为与在输入框和中分别输入不等式和一再点击图形钮在右侧的平面直角坐标系内就出现该二元一次不等式组所表示的平面区域如图所示图为了更好地呈现边界线可以将与选项改为或在不等式框中输入并在框和框中分别输入和一再点击图形后即可得到有边界线的平面区域如图所示图</text>
111,<text>一两角和与差的正弦你已知道但伴你学习显然那么怎样来求两角和的正弦呢我们先来考察下面的情况如图所示设都是锐角且也是锐角过点作于点于点过点作于点于是由图知彳在和中八万万万比门因此瓦又在和中反因此诙由得斗即公式一当为任意角时公式一也成立这个公式叫做两角和的正弦公式在公式一中用一代替仇即得位叩即公式二这个公式叫做两角差的正弦公式例求和的值解例化简下列各式竽一解例把乃用某个角的正弦表示出来解万信本题刻画周期相同的正弦波与余弦波叠加的数学模型对三角恒等变形而言也是一个典型的例题在后续学习中有较广的应用课堂练习先用两角和与差的正弦公式求下列各式的值然后用计算器验证求和的值化简下列各式把用某个角的正弦来表示把用某个角的正弦来表示</text>
112,<text>二两角和与差的余弦你知道了两角和的正弦公式就可以方便地推导两角和的余弦公式这是因为公式三公式四的推导用的是什么思想方法叩即公式三这个公式叫做两角和的余弦公式在公式三中用一代替即得比较公式三和公式四你能概括出两角和与差的余弦公式有哪些特点公式四这个公式叫做两角差的余弦公式例求的值解例化简下列各式竽解竽与例已知求的值解因为所以因此招课堂练习求和一金的值求下列各式的值已知且为锐角求和的值</text>
113,<text>四三两角和与差的正切由两角和的正弦余弦公式即公式一和公式三可方便地推导出两角和的正切公式这是因为叩叩叩分子分母同时除以即叩八叩公式五为什么力生十必须注意公式五中五且公式五叫做两角和的正切公式在公式五中用一代换尸得八所也方公式六必须注意公式六中小次兀且公式六叫做两角差的正切公式两角和与差的正弦余弦正切公式即公式一至公式六统称为加法定理例计算和的值解产二同理得产山产一偌例已知求的值解由两角和的正切公式得例已知亍求二倍前公式中公式在所一在的公式中有与的和与积所以可利用一元二次方程的根与系数的关系当然如果直接求出与的值也可以求得结果例设和是一元二次方程的两个根求的值解由一元二次方程根与系数的关系可知将上述数值代入两角和的正切公式得广爹公式七右所以课堂练习试写出两角和与差的正切公式求下列各式的值计算下列各式公式彳所以设和是一元二次方程的两个根求的值这里正切</text>
114,<text>二倍角的三角公式前面我们学习了两角和的正弦余弦正切公式在这些公式中当时就可得到二倍角的正弦余弦和正切公式在公式一中当时得所以公式七公式七叫做二倍角的正弦公式在公式三中当时得因为近所以又可表示为或所以二倍角公式是两角和公式的特例故推导出二倍角公式是比较容易的公式八公式八叫做二倍角的余弦公式在公式五中当时得所以公式九这里声人且公式九叫做二倍角的正切公式例已知一且竽求和的值解由已知且兀舞得代人正弦余弦的二倍角公式得一耳由正切与正弦余弦的关系得拼例计算下列各式解原式原式八汽原式例已知求仔一团一仔的值叩解原式兀十叩叩叩叩产课堂练习计算下列各式化简下列各式已知且卜求和的值并判断勿所在的象限</text>
115,<text>加法定理的简单应用加法定理和二倍角公式在简单的三角求值化简以及恒等变形等方面都有着广泛的应用必须指出无论是三角式的求值或化简都是一步步进行的其演算过程中由上一步到下一步都必须保持着恒等关系即都是恒等变形由复杂到简单由抽象到具体由未知到已知这里充满着重要的数学直思想方法化归例求下列各式的值解因为这里三角式的求值实际上是两角和的三角公式的逆用所以即本题将复杂的三角式转化为简单的三角式例化简下列各式传解传传兀十遮例把下列各式化为的形式悟并求的最小正周期均不为并求的最大值和最小值解聂广冬皿一注意的范围通常取由确定可以将彳作为公式使用所卜一的最小正周期为兀二几一则的最大值最小值例已知函数彳可为常数且可求叩与的值求函数的最大值和最小值解由题意得叩叩所以由得由叩手所以其卬于是工的最大值为工的最小值为课堂练习求下列各式的值化简下列各式把下列各式化成少的形式孝并求出的最小正周期并求出的最大值和最小值已知且匹传兀分别求的值并判断是第几象限的角已知和是一元二次方程的两个根求的值</text>
116,<text>一椭圆及其标准方程椭圆的定义椭圆是一种常见的平面曲线例如当圆柱形水杯斜放着时杯内的水面图刚果金沙萨体育场俯视图图以及某些梳妆镜它们的轮廓线都是椭圆或近似于椭圆管如图所示把一张白纸铺在平板上在纸上固定两个图钉和尸取一条没有伸缩性的细绳把两端结在这两个图钉上细绳长要大于的长度笔尖贴在绳上并轻轻地拉紧该笔尖慢慢移动一周就可以画出一条封闭的曲线这就是椭圆从这个实验中可以发现不论笔尖即动点移到什么位置它到两个图钉即定点和的距离之和始终是细绳的长度即定长设其为这个事实给出了定义椭圆的依据平面上到两个定点的距离之和等于定长尸尸的点的轨迹叫做椭圆这两个定点和叫做椭圆的焦点两个焦点之间的距离叫做焦距即椭圆的标准方程如图所示以线段所在直线为轴以线段的垂直平分线为轴建立平面直角坐标系设焦距则又设椭圆上一动点为由椭圆的几何意义知道它到两个焦点的距离之和为得因为所以即两边平方得整理得两边平方得整理得一因为所以合一两边同时除以合一得为了使形式更简单令且得这就是说椭圆上任意一点的坐标都满足方程反之可以证明以方程的任意一组解为坐标的点都在椭圆上方程叫做焦点在工轴上的椭圆的标准方程其中满足例动点到两定点和玛的距离之和为点的轨迹是何种曲线并求出它的轨迹方程解由题意得因为所以点的轨迹是椭圆如图所示因为椭圆的焦点在轴上且的中点为原点所以设此椭圆的标准方程为宗方由得则又由得所以点的轨迹方程为有时椭圆的焦点不在攵轴上而在了轴上如图所示若设焦点为定长仍设为用类似推导方程的方法可得焦点在轴上的椭圆的标准方程为十其中仍满足例求焦点在轴上焦距为且过点的椭圆的标准方程并写出焦点的坐标解因为椭圆的焦点在轴上所以设此椭圆的标准方程为由得则又因为椭圆过点所以即滔解得由得工因此所求椭圆的标准方程为二焦点的坐标为图课堂练习在平面内与两个定点的距离之和等于大于的点的轨迹叫做椭圆这两个定点和叫做椭圆的这两个定点之间的距离叫做如果椭圆襦上一点到焦点的距离为那么点到另一个焦点的距离为动点到定点和的距离之和为点的轨迹是何种曲线并求出它的轨迹方程求椭圆丁的焦点坐标焦距及椭圆上任意一点到两个焦点的距离之和</text>
117,<text>二椭圆的性质我们根据椭圆的标准方程来讨论它的一些基本性质范围由椭圆的标准方程知椭圆上任意一点的坐标了都满足由此可推得即一这说明椭圆位于直线士围成的矩形内如对称性如图在椭圆的标准方程中以一代替原方程不变这就是说如果点在椭圆上那么点也在椭圆上即椭圆图像关于轴对称由此也可以看出令不仅能使方程更简洁美观而且有确切的几何意义图同样以一代替力原方程不变这就是说如果点在椭圆上那么点也在椭圆上即椭圆图像关于彳轴对称以一和一分别代替才和原方程不变这就是说如果点在椭圆上那么点也在椭圆上即椭圆的图像关于坐标原点中心对称原点是它的对称中心又叫做椭圆的中心顶点坐标在椭圆的标准方程中令得令得所以椭圆与轴和轴的交点分别是和我们把出这四个点叫做椭圆的顶点因为所以线段叫做椭圆的长轴长轴的长为线段氏叫做椭圆的短轴短轴的长为叫做半长轴的长叫做半短轴的长椭圆的两个焦点都在长轴上在推导椭圆的标准方程时我们知道下面将和你们一起探求它的几何意义如图当椭圆上的动点运动到点时由定义得入由于椭圆是轴对称图形称十入又因此三个量之间的关系满足以为斜边为直角边的直角三角形的勾股定理用同样的方法去研究焦点在轴上的椭圆也可以得到相似的性质这就留给你去探求了例职业学校的学生晓雯在学校小花园里捡到一片树叶它的轮廓形状近似于椭圆经过测量发现长轴长为厘米短轴长为厘米若将它置身于如图所示的平面直角坐标系中求此椭圆的标准方程解由题意得陞佃所以此椭圆的标准方程为聆尸例求椭圆尸的焦点坐标和顶点坐标并用描点法画出它的图像椭解把改写成椭圆的标准方程得枭济由题意得即由题意知因为所以灯公解得所以鲂因此所求椭圆的标准方程为直图例已知椭圆的半长轴的长与半短轴的长之和等于焦距等于痣且椭圆关于两坐标轴对称求此椭圆的标准方程解设此椭圆的半长轴的长为半短轴的长为焦距为由题意得氐由痣得后因为赛由小一得因为所以由方程组解得因为椭圆关于两坐标轴对称它的焦点可以在轴上也可以在轴上所以满足条件的椭圆方程为尢或番加即图或幺左图课堂练习椭圆的中心在原点长轴的长是短轴的长的倍焦点在轴上且过点一求此椭圆的标准方程椭圆的中心在原点长轴的长是短轴的长的倍焦点在轴上且焦距等于痣求此椭圆的标准方程椭圆的中心在原点长轴的长和短轴的长之和等于一个焦点的坐标为斯求此椭圆的标准方程</text>
118,<text>一双曲线及其标准方程双曲线的定义位于珠江南岸的广州塔是广州的地标性建筑图它的纵截面的轮廓线是双曲线上海吴泾发电厂的自然通风塔的纵截面的轮廓线也是双曲线图图图取一拉链拉开它的一部分在拉开的两边上各选择一点分别固定在定点和使两边的交点到的距离减去到的距离的差等于所给的定长如图所示把铅笔放在处于是随着拉链的逐渐拉开或者闭拢铅笔画出曲线的一支这一支上任何一点到的距离减去到的距离都等于这个定长如果使到的距离减去到的距离等于这个定长就得到曲线的另一支这个事实给出了定义双曲线的依据平面上到两个定点的距离之差的绝对值等于定长的点的轨迹叫做双曲线这两个定点和叫做双曲线的焦点两个焦点之间的距离叫做焦距双曲线的标准方程取线段所在直线为轴线段的垂直平分线为轴建立平面直角坐标系如图所示设焦距则又设双曲线上一动点为由双曲线的定义知道它到两个焦点的距离之差的绝对值为即因为力包了所以一殳化简得一因为所以久两边除以得与一卢为了使形式更简单令一且即得一方这就是说双曲线上任意一点的坐标都满足方程反之可以证明以方程的任意一组解为坐标的点都在双曲线上于是我们把方程称为焦点在轴上的双曲线的标准方程其中满足例动点到两定点和心的距离之差的绝对值为点的轨迹是何种曲线并求出它的轨迹方程解由题意得且所以点的轨迹是双曲线因为双曲线的焦点在轴上的中点是原点所以可设此双曲线的标准方程为由双曲线的定义知得则又由得因此点的轨迹方程是有时双曲线的焦点不在工轴上而在轴上如图所示设焦点为定长仍为用类似推导方程的方法可得到焦点在轴上的双曲线的标准方程为宗一炉其中仍满足例求焦点在轴上焦距为且过点的双曲线的标准方程并写出焦点坐标解因为双曲线的焦点在轴上故可设它的方程为由题意知得则又因为双曲线过点所以一荔一尹由得联立方程组解得因此所求双曲线的标准方程为一不焦点坐标为如图所示课堂练习在平面内与两个定点的距离之差的绝对值等于小于的点的轨迹叫做双曲线这两个定点和叫做双曲线的这两个定点之间的距离叫做动点到定点尸一和尸的距离之差的绝对值为点的轨迹是何种曲线并求出它的方程求双曲线一一的焦点坐标和焦距已知双曲线一上一点到左焦点的距离为若点在双曲线的左支上求点到右焦点的距离</text>
119,<text>二双曲线的性质我们根据双曲线的标准方程来讨论它的一些基本性质范围设双曲线上一点的坐标为因为方所以方由此可推得一即一或且这说明双曲线位于直线一的左侧的右侧它向左右两方无限伸展如图所示对称性在双曲线的标准方程中以一代替原方程不变即双曲线图像关于丁轴对称同样以一代替原方程不变即双曲线图像关于工轴对称以一一分别代替原方程不变即双曲线图像关于原点中心对称原点是它的对称中心又叫做双曲线的中心顶点坐标在双曲线的标准方程中令得士或所以双曲线与轴的交点分别是若令得一方程无实数解说明双曲线与轴没有交点我们把点一口工仍画在图上我们把叫做双曲线的顶点线段叫做双曲线的实轴实轴的长为线段叫做双曲线的虚轴虚轴的长为叫做半实轴的长叫做半虚轴的长双曲线的两个焦点都在实轴上当时方程便成为与一此时双曲线的实轴的长与虚轴的长相等满足这样条件的双曲线叫做等轴系曲线用同样的方法去研究焦点在轴上的双曲线也可以得到相似的性质第章脚锥曲线例求双曲线的实轴的长虚轴的长和顶点的坐标解把化成双曲线的标准方程得由得由得所以实轴的长虚轴的长赤顶点为和例分别求中心在原点且满足下列条件的双曲线的标准方程双曲线的焦距为一个顶点坐标为焦点在轴上实轴的长与虚轴的长相等且过点底解由题意知双曲线的焦点在轴上且解得又由得因此所求双曲线的标准方程为一由题意知所求双曲线为焦点在轴上的等轴双曲线设双曲线的标准方程为将代人双曲线的标准方程得乃版但力厂一解得因此所求双曲线的标准方程为一课堂练习分别求下列双曲线的实轴的长虚轴的长顶点的坐标和焦点的坐标一卷双曲线的焦点在工轴上焦距为虚轴的长为求此双曲线的标准方程等轴双曲线的焦点在工轴上且过点一求此双曲线的标准方程双曲线的半实轴的长为一个焦点的坐标为求此双曲线的标准方程</text>
120,<text>三双曲线的渐近线为了更进一步了解双曲线滔一意的特殊性质如图所示过双曲线的顶点作轴的平行线工土过轴上的点作工轴的平行线四条直线构成一个矩形其对角线所在直线的方程为可以发现并能证明当双曲线的两支逐渐伸展时双曲线与直线工越来越接近但永远不相交直线士工叫做双曲线的渐近线双曲线与一方与其渐近线丁的位置关系同理双曲线一方的两条渐近线是拄如图所示例求双曲线的渐近线方程画出它的渐近线并用描点法画出双曲线的图像解把双曲线炉化成标准方程因此所以双曲线的渐近线方程为画出直线所围成的矩形连接两条对角线并把它们延长即其渐近线图由双曲线方程一得根据精确到列出表表用描点法画出双曲线在第一象限的图像再利用双曲线的对称性画出它的整体图像图例已知双曲线的焦点在彳轴上焦距为它的渐近线方程是岂求此双曲线的标准方程解由于双曲线的焦点在轴上可设它的方程为上因为渐近线方程为尸士如所以三即由得所以即可解得所以彳因此所求双曲线的标准方程为赤一为课堂练习分别写出下列双曲线的渐近线方程已知双曲线的焦点在轴上虚轴的长等于它的渐近线方程是求此双曲线的标准方程求与双曲线一有相同渐近线且过点一的双曲线的标准方程</text>
121,<text>一抛物线及其标准方程抛物线的定义建于隋朝年间距今已有约年历史横跨河北省赵县汶河南北两岸的赵州桥是当今世界上现存最早保存最完整的古代石拱桥它的桥拱形状是抛物线的一部分图水池中喷出的水柱图投出的篮球它们的轨迹也是抛物线的一部分图图如图所示把一根直尺固定在平板上把尺的一边作为定直线取一块直角三角板把较短的直角边紧贴直尺在另一条直角边的顶点处固定长度等于直角边的细绳的一端绳的另一端固定在平面上的定点然后用铅笔尖紧靠三角板的直角边把绳绷紧并将三角板紧靠缓慢移动这样笔尖画出的图形就是抛物线的一段反向画出的是抛物线的另一段从这实验中可以发现不论笔尖即动点移到什么位置它到定点的距离与它到定直线的距离始终相等因为这个事实给出了定义抛物线的依据平面上到一个定点和一条定直线不在上距离相等的点的轨迹叫做抛物线定点叫做抛物线的焦点定直线叫做抛物线的准线焦点到准线的距离用力表示图抛物线的标准方程过点作准线的垂线垂足为以直线为卫轴赵整旭有勺立冬尊线段的垂直平分线为轴建立平面直角坐标系如图所示因为所以焦点坐标为信准线的方程是一至设尸包为抛物线上任意一点从点作尸垂足为则点的坐标为一知由抛物线的定义得而外所以工知两边平方得化简得丁这就是说抛物线上任意一点的坐标都满足方程反之可以证明以方程的任意一组解为坐标的点都在抛物线上方程叫做抛物线的标准方程例已知点到点的距离与它到直线的距离相等求点尸的轨迹方程解由抛物线的定义可知点的轨迹为抛物线且为焦点为准线方程由焦点到准线的距离力得因此所求抛物线的标准方程为例如图所示已知抛物线的方程为求此抛物线的焦点坐标和准线方程解由力得力则所以焦点的坐标为准线方程为例已知抛物线的焦点是求此抛物线的标准方程已知抛物线的准线方程是一求此抛物线的标准方程解因为焦点坐标为所以得力则因此所求抛物线的标准方程为因为准线方程是所以一得则因此所求抛物线的标准方程为课堂练习已知点到点的距离与它到直线的距离相等求点尸的轨迹方程已知下列抛物线方程分别求它的焦点的坐标和准线方程根据下列所给条件分别求抛物线的标准方程抛物线的焦点为尸仔抛物线的准线方程为焦点在轴正半轴上焦点到准线的距离等于</text>
122,<text>二抛物线的性质我们根据抛物线的标准方程力来讨论它的一些基本性质范围由抛物线方程可求得二士因为力所以当的值无限增大时的绝对值也无限增大这就是说抛物线开口向右图像都在轴右侧除原点外并向上向下无限伸展对称性在抛物线的标准方程中以一代替原方程不变即抛物线的图像关于才轴对称抛物线是轴对称图形抛物线只有一条对称轴即轴抛物线的焦点在对称轴上顶点坐标在抛物线的标准方程中令得所以抛物线与对称轴轴只有一个交点这个交点叫做抛物线的顶点例已知抛物线的顶点在原点焦点在轴的正半轴焦点到顶点的距离等于求此抛物线的标准方程利用抛物线的性质用描点法画出此抛物线的图像解由题意设抛物线方程为因为焦点到顶点的距离等于所以得力则因此所求抛物线的标准方程为由抛物线方程得辰根据反精确到列出表表用描点法画出抛物线在第一象限的图像再利用抛物线的对称性画出它的整体图像图例如图所示已知抛物线力顶点为过焦点且与对称轴垂直的直线交抛物线于两点求解因为焦点的坐标为所以尸又设交点的坐标为山将点的坐标代入得解得即于是由抛物线的对称性得课堂练习已知抛物线方程为求它的顶点的坐标和焦点的坐标斗为对称轴方程和准线方程并用描点法画出它的图像已知直线与抛物线之相交于两点且点广的纵坐标为求实数的值代如图所示已知抛物线川顶点为过焦点且与对称轴垂直的直线交抛物线于两点求</text>
123,<text>三抛物线方程的其他几种形式你已经学习了以原点为顶点以轴为对称轴焦点在轴正半轴的抛物线的标准方程知道抛物线的焦点坐标为信准线方程为与抛物线开口向右图像全在轴右侧如果选择不同的对称轴和焦点位置就得出抛物线其他形式的标准方程现在把这些抛物线的标准方程及其图像归纳成表其中由于抛物线方程有四种不同的形式因此在解决抛物线有关问题时应注意从已知的抛物线的方程求它的焦点或准线时首先要判断抛物线开口方向才能正确写出焦点坐标和准线方程从已知条件求抛物线的方程时必须考虑满足已知条件的方程是否有遗漏另外需注意例求下列抛物线的焦点坐标准线和对称轴的方程并指出抛物线开口的方向解由抛物线的方程为得夕得力则所以焦点的坐标为一准线方程为了对称轴方程为抛物线开口向左图将写成抛物线的标准方程一由抛物线的方程为一得中等职业学校教材试用本敬学第洲图铲课堂练习分别求下列抛物线的焦点的坐标准线方程和对称轴方程并写出抛物线的开口方向力得力则所以焦点的坐标为准线方程是一对称轴方程是抛物线开口向上图例求以原点为顶点以坐标轴为对称轴且过点的抛物线的标准方程解因为抛物线过第三象限的点一所以抛物线开口可向左也可向下若抛物线开口向左则设它的方程为因为抛物线过点所以力化简得因此所求抛物线的标准方程是若抛物线开口向下则设它的方程为因为抛物线过点所以化简得图因此所求抛物线的标准方程是一综上所述所求抛物线的标准方程是或一图尹求以原点为顶点坐标轴为对称轴且过点的抛物线的标准方程</text>
124,<text>圆锥曲线的简单应用因为圆椭圆双缀截锥而得到图所以林包加线在生产实践中有广泛的应用下面例如图皿口门二二车道总宽米要求通行钟木的拱线近似地看成半个椭圆形状若最大力零金硅遁的拱宽精确到米解如图图纵截面的地平线为工轴以过最高点直线为轴建立平面直角坐标系设由题意知所以部序得所以所以隧道的拱宽为牝例如图所示台自纵截面两侧曲线是双曲线的两段最细处半经有二呆上口半径为米下风口半径为米高为二米求覆层统的标准方程半实轴的长半虚轴的长分别精确至米解如图图中单上兴年示建立平面直角坐标系设双曲线的标准方程为一由题意知因为两点都在双曲线上所以一廿解得火一茂一尸又因为塔高为米所以一山即各一一笔解得因此所求双曲线的标准方程为茂一凝例如图所示为探照灯的纵断面抛物线一部分光源在抛物线的焦点处已知灯口直径为灯深求光源到反射镜顶点的距离解如图所示以抛物线的对称轴为工轴以抛物线的顶点为原点建立平面直角坐标系由题意得点设抛物线的标准方程为力力将点的坐标代入抛物线方程得力卜一解得力手测学所以抛物线的焦点坐标为因此光源到反射镜顶点的距离为佟课堂练习建于公元年的古罗马竞技场其轮廓线呈椭圆形这个椭圆的长轴的长为米短轴的长为米若以椭圆的中心为原点以长轴为才轴建立平面直角坐标系求此椭圆的标准方程如图图中单位米所示的自然通风塔的截面两侧曲线是双曲线的两段最细处半径为米下风口半径为米最细处到下风口半径的垂直距离为米通风塔总高为米求上风口的半径精确到米第题第题如图图中单位米已知抛物线形拱桥的顶点距水面米时量得水面宽米水下降米后水面宽为多少米精确到米探究与实践跳水情境中的抛物线模型如图所示小敏在进行和台嶷水调练时身体看成一质点在空中的运通线为物线的一部分池边离跳台支柱来在正情况下小敏在空中最高处距水面米时距池边的水子距喜为米为了安全要求小敏在距水面高度不小于米时必须完成翻滚动作并调整好入水妾势否则会出现失误在某次试跳中测得小敏在空中要知入水姿势时距池边的水平距离为耒结果现了夫试通过计算说明理由为了说明问题我们番要逮主一个教学模型小敏跳水时在空中的运动路线可以看的一部分现以小敏在空中的最高处为全桂尊过景点且以平行水面的方向为轴建立平面角至樨蠡图所示图中单位米则起现处八的皇爵为一一设抛物线的方程为了打将点的坐标代入蜕歧方隹得所以抛物线的方程为工一袅现假设小敏在处审整好入水妾势则所以处离开水面距离为可可则达不到安全要求出现失误有兴趣的同学可以进一步探讨为了让小敏的试跳不出现失误调整入水姿势处距池边的水平距离不能超过多少米用技术手段画圆锥曲线有许多计算机软件可以用来画出圆锥曲线的图像以下我们借助其中的一种免费数学学习软件画抛物线方程彳的图像如图在绘图选项卡内选择方程和函数栏输入抛物线标准方程并点击图形钮即可得到抛物线方程的初始图像图我们还可以通过以下方式观察值的大小对图像的形状的影响在图形控件栏中可以通过动画效果的播放键观察力值发生变化时图像的变化趋势在方程与函数栏中继续输入等抛物线方程得到一组抛物线如图所示图类似地我们也可以利用该软件来画出其他圆锥曲线的图像例如输入方程二一江三一与并在图形控件栏中调整的值即可绘图如下图在绘制椭圆和双曲或的图像时需将三等形式的标准方程转化为形如和了二意的参数方现如果想了解更多的信息可扫描下面的二维码</text>